date,stock_id,Trading_Volume,Trading_money,open,max,min,close,spread,Trading_turnover,year,PER,PBR,equity,mkPrice,PSR,ROE,ROA
2021-05-31,2250,3126198,494836203,152.0,171.0,151.0,159.0,0.0,2355,2021,32.52,3.54,2.2,349.8,11.42696607190691,5.26,12.26
2021-06-01,2250,2210007,341127915,158.0,167.5,137.5,150.0,-9.0,1950,2021,20.66,3.22,2.2,330.0,10.780156671610294,5.26,12.26
2021-06-02,2250,1981015,308002342,147.0,164.5,147.0,163.0,13.0,1706,2021,22.45,3.5,2.2,358.6,5.99842093994219,5.26,12.26
2021-06-03,2250,2452635,409314357,161.0,177.0,156.5,177.0,14.0,1932,2021,24.38,3.8,2.2,389.40000000000003,6.513622738464833,5.26,12.26
2021-06-04,2250,2538750,453093889,173.0,196.0,169.0,188.0,11.0,2224,2021,25.9,4.04,2.2,413.6,6.9184241515897655,5.26,12.26
2021-06-07,2250,2051931,368157016,183.0,192.0,169.5,180.5,-7.5,1918,2021,24.86,3.88,2.2,397.1,6.642423188095493,5.26,12.26
2021-06-08,2250,1035371,181791770,175.0,183.0,171.5,172.5,-8.0,1051,2021,23.76,3.71,2.2,379.50000000000006,6.34802216036827,5.26,12.26
2021-06-09,2250,1660184,299336418,169.5,189.5,169.5,189.5,17.0,1498,2021,26.1,4.07,2.2,416.90000000000003,6.973624344288621,5.26,12.26
2021-06-10,2250,2093483,402105828,189.5,206.0,183.0,190.0,0.5,2034,2021,26.17,4.08,2.2,418.00000000000006,6.992024408521572,5.26,12.26
2021-06-11,2250,1155143,216135507,184.5,194.0,184.0,189.0,-1.0,1156,2021,26.03,4.06,2.2,415.8,6.955224280055669,5.26,12.26
2021-06-15,2250,1153631,221138499,190.0,196.0,186.0,192.0,3.0,1072,2021,26.45,4.13,2.2,422.40000000000003,7.065624665453378,5.26,12.26
2021-06-16,2250,1038979,194068260,190.0,192.0,183.0,186.0,-6.0,1083,2021,25.62,4.0,2.2,409.20000000000005,6.84482389465796,5.26,12.26
2021-06-17,2250,581311,109351704,182.5,191.5,182.5,188.5,2.5,595,2021,25.96,4.05,2.2,414.70000000000005,6.936824215822718,5.26,12.26
2021-06-18,2250,1208766,232518760,192.0,198.0,187.0,195.5,7.0,1099,2021,26.93,4.2,2.2,430.1,7.194425115084038,5.26,12.26
2021-06-21,2250,2066597,427438673,193.0,215.0,193.0,215.0,19.5,1992,2021,29.61,4.62,2.2,473.00000000000006,7.912027620169148,5.26,12.26
2021-06-22,2250,1463944,312185265,215.0,220.0,208.0,212.0,-3.0,1469,2021,29.2,4.56,2.2,466.40000000000003,7.801627234771438,5.26,12.26
2021-06-23,2250,981776,202232557,209.0,210.0,203.5,204.0,-8.0,1033,2021,28.1,4.38,2.2,448.8,7.507226207044214,5.26,12.26
2021-06-24,2250,934436,197365220,206.0,217.0,206.0,214.0,10.0,1003,2021,29.48,4.6,2.2,470.8,7.875227491703244,5.26,12.26
2021-06-25,2250,743567,156299804,215.0,216.0,207.5,208.0,-6.0,831,2021,28.65,4.47,2.2,457.6,7.654426720907826,5.26,12.26
2021-06-28,2250,667840,135859063,208.0,210.0,201.0,201.5,-6.5,751,2021,27.75,4.33,2.2,443.3,7.415225885879456,5.26,12.26
2021-06-29,2250,806953,158305981,202.5,204.0,192.5,192.5,-9.0,950,2021,26.52,4.14,2.2,423.50000000000006,7.0840247296863295,5.26,12.26
2021-06-30,2250,679494,133223949,190.0,203.0,186.5,195.0,2.5,729,2021,26.86,4.19,2.2,429.00000000000006,7.176025050851087,5.26,12.26
2021-07-01,2250,629013,119159151,193.0,197.0,187.0,187.0,-8.0,734,2021,25.76,4.02,2.2,411.40000000000003,6.881624023123863,5.26,12.26
2021-07-02,2250,289974,54052666,185.0,189.0,185.0,185.5,-1.5,377,2021,25.55,3.99,2.2,408.1,4.495409306962322,5.26,12.26
2021-07-05,2250,385606,72935557,187.5,193.0,186.0,187.0,1.5,430,2021,25.76,4.02,2.2,411.40000000000003,4.531760325617004,5.26,12.26
2021-07-06,2250,738903,140000498,188.0,196.0,182.0,194.0,7.0,783,2021,26.72,4.17,2.2,426.8,4.7013984126721855,5.26,12.26
2021-07-07,2250,736335,145220452,193.5,203.0,191.0,195.5,1.5,771,2021,26.93,4.2,2.2,430.1,4.7377494313268675,5.26,12.26
2021-07-08,2250,1436000,291452312,195.5,213.5,193.5,210.0,14.5,1269,2021,28.93,4.51,2.2,462.00000000000006,5.0891426116554594,5.26,12.26
2021-07-09,2250,1134031,234526909,207.5,210.0,205.0,205.0,-5.0,997,2021,28.24,4.41,2.2,451.00000000000006,4.967972549473187,5.26,12.26
2021-07-12,2250,936335,195068826,209.5,212.5,205.0,208.0,3.0,949,2021,28.65,4.47,2.2,457.6,5.040674586782549,5.26,12.26
2021-07-13,2250,1010578,202182781,208.0,211.5,190.5,191.5,-16.5,1128,2021,26.38,4.12,2.2,421.3,4.640813381581049,5.26,12.26
2021-07-14,2250,353558,66656757,191.5,194.0,185.0,187.5,-4.0,429,2021,25.83,4.03,2.2,412.50000000000006,4.5438773318352315,5.26,12.26
2021-07-15,2250,156559,29647519,186.5,191.5,186.0,189.5,2.0,173,2021,26.1,4.07,2.2,416.90000000000003,4.59234535670814,5.26,12.26
2021-07-16,2250,196370,37007355,188.5,190.5,187.5,187.5,-2.0,222,2021,25.83,4.03,2.2,412.50000000000006,4.5438773318352315,5.26,12.26
2021-07-19,2250,360986,66505413,187.5,189.5,181.5,184.0,-3.5,425,2021,25.34,3.95,2.2,404.8,4.45905828830764,5.26,12.26
2021-07-20,2250,284434,51176752,181.0,184.5,178.0,178.5,-5.5,354,2021,24.59,3.84,2.2,392.70000000000005,4.32577121990714,5.26,12.26
2021-07-21,2250,318696,56046352,181.5,182.0,173.0,173.5,-5.0,371,2021,23.9,3.73,2.2,381.70000000000005,4.204601157724867,5.26,12.26
2021-07-22,2250,175052,30578417,176.5,177.0,173.5,173.5,0.0,252,2021,23.9,3.73,2.2,381.70000000000005,4.204601157724867,5.26,12.26
2021-07-23,2250,119812,20924893,174.5,176.0,173.5,175.0,1.5,151,2021,24.1,3.76,2.2,385.00000000000006,4.240952176379549,5.26,12.26
2021-07-26,2250,264571,45316497,174.5,174.5,169.5,169.5,-5.5,325,2021,23.35,3.64,2.2,372.90000000000003,4.107665107979049,5.26,12.26
2021-07-27,2250,416559,68349356,171.5,171.5,160.0,160.0,-9.5,480,2021,22.04,3.44,2.2,352.0,3.87744198983273,5.26,12.26
2021-07-28,2250,341003,53072743,160.0,162.0,151.0,159.0,-1.0,394,2021,21.9,3.42,2.2,349.8,3.8532079773962757,5.26,12.26
2021-07-29,2250,180645,31522550,174.5,174.5,174.5,174.5,15.5,137,2021,24.04,3.75,2.2,383.90000000000003,4.228835170161322,5.26,12.26
2021-07-30,2250,609376,109069907,175.5,186.0,175.0,176.5,2.0,641,2021,24.31,3.79,2.2,388.3,4.27730319503423,5.26,12.26
2021-08-02,2250,196675,33742222,176.5,177.5,169.0,170.0,-6.5,245,2021,23.42,3.65,2.2,374.00000000000006,3.04862640632158,5.26,12.26
2021-08-03,2250,91353,15625330,170.5,173.5,169.5,170.5,0.5,128,2021,23.48,3.66,2.2,375.1,3.0575929545754668,5.26,12.26
2021-08-04,2250,142625,24153059,170.0,170.5,168.0,168.0,-2.5,158,2021,23.14,3.61,2.2,369.6,3.0127602133060316,5.26,12.26
2021-08-05,2250,132454,22051274,169.0,169.0,163.5,168.0,0.0,135,2021,23.14,3.61,2.2,369.6,3.0127602133060316,5.26,12.26
2021-08-06,2250,121627,19994569,168.0,168.0,162.0,162.5,-5.5,133,2021,22.38,3.49,2.2,357.50000000000006,2.914128182513275,5.26,12.26
2021-08-09,2250,140819,22350592,162.5,162.5,155.0,156.0,-6.5,200,2021,21.49,3.35,2.2,343.20000000000005,2.797563055212744,5.26,12.26
2021-08-10,2250,121479,18728881,156.0,158.5,151.0,153.0,-3.0,164,2021,21.07,3.29,2.2,336.6,2.7437637656894216,5.26,12.26
2021-08-11,2250,217102,32441118,155.0,155.0,147.0,147.0,-6.0,303,2021,20.25,3.16,2.2,323.40000000000003,2.636165186642778,5.26,12.26
2021-08-12,2250,127609,19428870,147.5,156.0,147.5,152.5,5.5,153,2021,21.01,3.28,2.2,335.5,2.7347972174355344,5.26,12.26
2021-08-13,2250,165579,24731875,154.5,154.5,147.0,147.0,-5.5,181,2021,20.25,3.16,2.2,323.40000000000003,2.636165186642778,5.26,12.26
2021-08-16,2250,165812,23501281,146.0,146.0,139.5,139.5,-7.5,177,2021,19.21,3.0,2.2,306.90000000000003,2.501666962834473,5.26,12.26
2021-08-17,2250,283593,38275994,139.5,140.5,131.0,131.0,-8.5,319,2021,18.04,2.82,2.2,288.20000000000005,2.3492356425183942,5.26,12.26
2021-08-18,2250,223410,29290581,127.0,142.5,125.0,138.0,7.0,236,2021,19.01,2.97,2.2,303.6,2.4747673180728116,5.26,12.26
2021-08-19,2250,184784,24420632,138.0,138.0,129.5,133.0,-5.0,230,2021,18.32,2.86,2.2,292.6,2.3851018355339417,5.26,12.26
2021-08-20,2250,134722,17673843,131.5,133.0,129.5,129.5,-3.5,155,2021,17.84,2.78,2.2,284.90000000000003,2.322335997756733,5.26,12.26
2021-08-23,2250,135267,18275288,132.0,137.5,131.5,137.0,7.5,159,2021,18.87,2.94,2.2,301.40000000000003,2.456834221565038,5.26,12.26
2021-08-24,2250,107905,14574839,138.0,140.0,133.5,134.0,-3.0,130,2021,22.67,2.5,2.2,294.8,2.4030349320417157,5.26,12.26
2021-08-25,2250,102812,13758669,134.0,135.5,131.5,135.0,1.0,115,2021,22.84,2.52,2.2,297.0,2.4209680285494897,5.26,12.26
2021-08-26,2250,53336,7151847,136.0,136.0,132.0,132.5,-2.5,63,2021,22.42,2.47,2.2,291.5,2.3761352872800545,5.26,12.26
2021-08-27,2250,110014,14282067,130.5,131.0,128.5,129.5,-3.0,121,2021,21.91,2.42,2.2,284.90000000000003,2.322335997756733,5.26,12.26
2021-08-30,2250,64677,8338007,131.0,131.0,128.0,129.5,0.0,88,2021,21.91,2.42,2.2,284.90000000000003,2.322335997756733,5.26,12.26
2021-08-31,2250,272653,37461836,128.0,142.0,128.0,142.0,12.5,292,2021,24.03,2.65,2.2,312.40000000000003,2.546499704103908,5.26,12.26
2021-09-01,2250,466077,66611504,143.5,148.5,138.5,139.5,-2.5,445,2021,23.6,2.6,2.2,306.90000000000003,2.501666962834473,5.26,12.26
2021-09-02,2250,302575,40501833,137.5,137.5,131.5,132.0,-7.5,310,2021,22.34,2.46,2.2,290.40000000000003,1.9064249935992965,5.26,12.26
2021-09-03,2250,132405,17347577,133.0,133.5,129.5,130.5,-1.5,160,2021,22.08,2.43,2.2,287.1,1.884761073217486,5.26,12.26
2021-09-06,2250,614483,86622393,132.0,143.5,129.0,143.0,12.5,540,2021,24.2,2.67,2.2,314.6,2.0652937430659044,5.26,12.26
2021-09-07,2250,463609,63480025,140.0,142.0,133.0,137.0,-6.0,476,2021,23.18,2.56,2.2,301.40000000000003,1.9786380615386638,5.26,12.26
2021-09-08,2250,215830,28490598,133.0,134.5,130.0,132.0,-5.0,250,2021,22.34,2.46,2.2,290.40000000000003,1.9064249935992965,5.26,12.26
2021-09-09,2250,136751,18101868,132.0,135.0,130.5,133.0,1.0,149,2021,22.5,2.48,2.2,292.6,1.9208676071871698,5.26,12.26
2021-09-10,2250,176190,23215155,133.0,134.0,130.5,130.5,-2.5,187,2021,22.08,2.43,2.2,287.1,1.884761073217486,5.26,12.26
2021-09-13,2250,106910,13945092,130.0,131.0,130.0,130.0,-0.5,121,2021,22.0,2.42,2.2,286.0,1.8775397664235494,5.26,12.26
2021-09-14,2250,89699,11605609,130.0,130.5,128.5,129.0,-1.0,103,2021,21.83,2.41,2.2,283.8,1.863097152835676,5.26,12.26
2021-09-15,2250,167580,22197015,131.5,135.5,130.5,131.0,2.0,167,2021,22.17,2.44,2.2,288.20000000000005,1.891982380011423,5.26,12.26
2021-09-16,2250,88841,11535808,133.0,133.0,128.5,128.5,-2.5,104,2021,21.74,2.4,2.2,282.70000000000005,1.8558758460417395,5.26,12.26
2021-09-17,2250,79899,10255758,129.0,129.0,128.0,128.5,0.0,95,2021,21.74,2.4,2.2,282.70000000000005,1.8558758460417395,5.26,12.26
2021-09-22,2250,125553,15808334,128.0,128.0,124.0,127.0,-1.5,118,2021,21.49,2.37,2.2,279.40000000000003,1.8342119256599292,5.26,12.26
2021-09-23,2250,116442,14651656,128.0,129.5,123.0,125.0,-2.0,116,2021,21.15,2.33,2.2,275.0,1.805326698484182,5.26,12.26
2021-09-24,2250,122661,15334199,126.0,127.5,124.0,124.5,-0.5,140,2021,21.07,2.32,2.2,273.90000000000003,1.7981053916902456,5.26,12.26
2021-09-27,2250,54971,6836039,125.0,126.0,123.5,124.0,-0.5,69,2021,20.98,2.31,2.2,272.8,1.7908840848963086,5.26,12.26
2021-09-28,2250,40865,5055706,126.5,126.5,123.0,123.0,-1.0,58,2021,20.81,2.29,2.2,270.6,1.776441471308435,5.26,12.26
2021-09-29,2250,234871,27565522,119.0,121.0,114.5,115.0,-8.0,288,2021,19.46,2.15,2.2,253.00000000000003,1.6609005626054478,5.26,12.26
2021-09-30,2250,113042,12824376,117.0,117.0,112.5,113.0,-2.0,133,2021,19.12,2.11,2.2,248.60000000000002,1.6320153354297007,5.26,12.26
2021-10-01,2250,361472,37972902,112.5,112.5,102.0,104.0,-9.0,409,2021,17.6,1.94,2.2,228.8,1.5020318131388395,5.26,12.26
2021-10-04,2250,218909,22036892,106.0,106.5,99.1,100.0,-4.0,232,2021,16.92,1.87,2.2,220.00000000000003,1.2335364930557504,5.26,12.26
2021-10-05,2250,167490,17381799,101.0,109.0,98.0,104.5,4.5,193,2021,17.68,1.95,2.2,229.9,1.289045635243259,5.26,12.26
2021-10-06,2250,108674,11025875,104.0,104.5,100.0,100.5,-4.0,143,2021,17.01,1.87,2.2,221.10000000000002,1.239704175521029,5.26,12.26
2021-10-07,2250,74889,7776813,100.5,105.0,100.5,103.5,3.0,92,2021,17.51,1.93,2.2,227.70000000000002,1.2767102703127016,5.26,12.26
2021-10-08,2250,41558,4267275,102.0,104.0,102.0,103.0,-0.5,57,2021,17.43,1.92,2.2,226.60000000000002,1.2705425878474228,5.26,12.26
2021-10-12,2250,113371,11236617,99.0,100.5,98.0,100.5,-2.5,403,2021,17.01,1.87,2.2,221.10000000000002,1.239704175521029,5.26,12.26
2021-10-13,2250,87572,8545078,100.0,100.0,96.7,96.8,-3.7,242,2021,16.38,1.81,2.2,212.96,1.1940633252779662,5.26,12.26
2021-10-14,2250,68756,6704084,96.8,99.5,96.6,99.5,2.7,129,2021,16.84,1.86,2.2,218.9,1.2273688105904714,5.26,12.26
2021-10-15,2250,49440,4937354,99.0,100.5,99.0,99.8,0.3,58,2021,16.89,1.86,2.2,219.56,1.2310694200696388,5.26,12.26
2021-10-18,2250,69067,6901965,100.0,101.0,99.2,100.0,0.2,104,2021,16.92,1.87,2.2,220.00000000000003,1.2335364930557504,5.26,12.26
2021-10-19,2250,105821,11148937,99.8,108.0,99.8,106.0,6.0,265,2021,17.94,1.98,2.2,233.20000000000002,1.3075486826390952,5.26,12.26
2021-10-20,2250,192820,21822334,106.0,116.5,106.0,116.5,10.5,223,2021,19.71,2.17,2.2,256.3,1.437070014409949,5.26,12.26
2021-10-21,2250,304296,36195976,119.0,123.0,115.0,116.0,-0.5,414,2021,19.63,2.16,2.2,255.20000000000002,1.4309023319446703,5.26,12.26
2021-10-22,2250,166918,18571588,117.5,117.5,107.0,107.0,-9.0,256,2021,18.1,2.0,2.2,235.4,1.3198840475696527,5.26,12.26
2021-10-25,2250,81555,8873007,107.0,110.5,106.5,109.5,2.5,130,2021,18.53,2.04,2.2,240.9,1.3507224598960466,5.26,12.26
2021-10-26,2250,92970,10028068,109.5,109.5,107.0,107.0,-2.5,119,2021,18.1,2.0,2.2,235.4,1.3198840475696527,5.26,12.26
2021-10-27,2250,206776,23964404,108.0,117.5,108.0,117.5,10.5,215,2021,19.88,2.19,2.2,258.5,1.4494053793405066,5.26,12.26
2021-10-28,2250,194574,22608782,117.5,118.0,113.0,115.5,-2.0,556,2021,19.54,2.15,2.2,254.10000000000002,1.4247346494793915,5.26,12.26
2021-10-29,2250,269928,32795318,119.0,125.5,116.0,120.0,4.5,430,2021,20.3,2.24,2.2,264.0,1.4802437916669002,5.26,12.26
2021-11-01,2250,134039,15787308,122.5,122.5,116.5,118.5,-1.5,310,2021,20.05,2.21,2.2,260.70000000000005,1.4617407442710644,5.26,12.26
2021-11-02,2250,157431,18247106,120.5,120.5,113.0,113.0,-5.5,415,2021,19.12,2.11,2.2,248.60000000000002,1.203678822079711,5.26,12.26
2021-11-03,2250,63661,7238740,114.5,115.5,113.0,113.0,0.0,78,2021,19.12,2.11,2.2,248.60000000000002,1.203678822079711,5.26,12.26
2021-11-04,2250,62571,7132630,114.0,116.0,112.5,113.0,0.0,134,2021,19.12,2.11,2.2,248.60000000000002,1.203678822079711,5.26,12.26
2021-11-05,2250,51875,5814323,115.0,115.0,111.0,113.0,0.0,91,2021,19.12,2.11,2.2,248.60000000000002,1.203678822079711,5.26,12.26
2021-11-08,2250,34352,3849075,116.0,116.0,111.0,111.5,-1.5,44,2021,18.87,2.08,2.2,245.3,1.187700784618476,5.26,12.26
2021-11-09,2250,70604,8124787,112.5,117.0,112.0,114.0,2.5,83,2021,19.29,2.13,2.2,250.8,1.2143308470538678,5.26,12.26
2021-11-10,2250,97424,10852454,112.5,113.5,110.0,111.5,-2.5,177,2021,18.87,2.08,2.2,245.3,1.187700784618476,5.26,12.26
2021-11-11,2250,49640,5488764,111.5,112.0,109.5,110.5,-1.0,65,2021,18.7,2.06,2.2,243.10000000000002,1.177048759644319,5.26,12.26
2021-11-12,2250,88430,9881975,110.5,113.5,109.0,113.0,2.5,89,2021,19.12,2.11,2.2,248.60000000000002,1.203678822079711,5.26,12.26
2021-11-15,2250,123460,13710496,112.5,113.0,110.0,110.0,-3.0,124,2021,18.61,2.03,2.2,242.00000000000003,1.1717227471572411,5.26,12.26
2021-11-16,2250,66094,7205640,109.5,111.0,108.0,108.0,-2.0,93,2021,18.27,1.99,2.2,237.60000000000002,1.1504186972089274,5.26,12.26
2021-11-17,2250,53670,5755518,109.0,109.0,106.0,106.5,-1.5,93,2021,18.02,1.96,2.2,234.3,1.1344406597476924,5.26,12.26
2021-11-18,2250,59714,6378340,106.5,108.0,106.5,107.0,0.5,72,2021,18.1,1.97,2.2,235.4,1.1397666722347706,5.26,12.26
2021-11-19,2250,93257,9802626,106.5,107.0,104.0,104.0,-3.0,115,2021,17.6,1.92,2.2,228.8,1.1078105973123005,5.26,12.26
2021-11-22,2250,66006,6747604,102.5,103.0,101.5,102.5,-1.5,113,2021,17.34,1.89,2.2,225.50000000000003,1.0918325598510656,5.26,12.26
2021-11-23,2250,108949,11626689,103.0,110.0,103.0,105.0,2.5,153,2021,17.77,1.94,2.2,231.00000000000003,1.1184626222864573,5.26,12.26
2021-11-24,2250,89937,9301619,105.0,106.0,102.0,104.0,-1.0,105,2021,17.6,1.92,2.2,228.8,1.1078105973123005,5.26,12.26
2021-11-25,2250,70748,7276696,104.0,104.0,102.0,102.5,-1.5,104,2021,17.34,1.89,2.2,225.50000000000003,1.0918325598510656,5.26,12.26
2021-11-26,2250,55737,5711767,102.5,104.0,102.0,102.0,-0.5,123,2021,17.26,1.88,2.2,224.4,1.086506547363987,5.26,12.26
2021-11-29,2250,126208,13050505,101.5,107.5,101.0,107.5,5.5,214,2021,18.19,1.98,2.2,236.50000000000003,1.1450926847218492,5.26,12.26
2021-11-30,2250,118695,12804799,107.5,110.5,105.5,106.0,-1.5,653,2021,17.94,1.95,2.2,233.20000000000002,1.129114647260614,5.26,12.26
2021-12-01,2250,73809,7865182,105.5,108.5,103.5,108.0,2.0,135,2021,18.27,1.99,2.2,237.60000000000002,1.1504186972089274,5.26,12.26
2021-12-02,2250,181564,19518284,106.5,110.0,106.5,106.5,-1.5,318,2021,18.02,1.96,2.2,234.3,0.9895361723406269,5.26,12.26
2021-12-03,2250,150435,16190467,109.0,109.0,106.0,106.0,-0.5,366,2021,17.94,1.95,2.2,233.20000000000002,0.9848904626113281,5.26,12.26
2021-12-06,2250,110241,11388421,106.5,106.5,102.0,102.5,-3.5,330,2021,17.34,1.89,2.2,225.50000000000003,0.9523704945062372,5.26,12.26
2021-12-07,2250,57305,5887526,102.5,104.0,102.5,102.5,0.0,58,2021,17.34,1.89,2.2,225.50000000000003,0.9523704945062372,5.26,12.26
2021-12-08,2250,111276,11365046,104.0,104.0,101.0,101.5,-1.0,120,2021,17.17,1.87,2.2,223.3,0.9430790750476397,5.26,12.26
2021-12-09,2250,150946,15944230,105.0,107.5,103.5,104.0,2.5,142,2021,17.6,1.92,2.2,228.8,0.9663076236941333,5.26,12.26
2021-12-10,2250,73449,7688256,105.0,106.0,103.5,105.0,1.0,78,2021,17.77,1.94,2.2,231.00000000000003,0.9755990431527308,5.26,12.26
2021-12-13,2250,74327,7830547,106.5,107.0,104.5,104.5,-0.5,99,2021,17.68,1.93,2.2,229.9,0.9709533334234319,5.26,12.26
2021-12-14,2250,124246,12642618,104.5,104.5,100.5,100.5,-4.0,181,2021,17.01,1.85,2.2,221.10000000000002,0.9337876555890422,5.26,12.26
2021-12-15,2250,295748,31642915,100.5,110.5,100.0,110.5,10.0,291,2021,18.7,2.04,2.2,243.10000000000002,1.0267018501750165,5.26,12.26
2021-12-16,2250,784516,93493831,119.5,121.5,115.0,121.5,11.0,791,2021,20.56,2.24,2.2,267.3,1.1289074642195884,5.26,12.26
2021-12-17,2250,1292462,158982215,124.0,129.0,115.0,115.5,-6.0,1228,2021,19.54,2.13,2.2,254.10000000000002,1.0731589474680037,5.26,12.26
2021-12-20,2250,598706,72424215,116.5,124.0,116.0,119.0,3.5,559,2021,20.14,2.19,2.2,261.8,1.1056789155730948,5.26,12.26
2021-12-21,2250,256782,29928262,119.0,121.0,114.0,116.0,-3.0,449,2021,19.63,2.14,2.2,255.20000000000002,1.0778046571973023,5.26,12.26
2021-12-22,2250,132700,15470577,116.0,118.5,115.5,117.5,1.5,133,2021,19.88,2.17,2.2,258.5,1.0917417863851986,5.26,12.26
2021-12-23,2250,251365,30062941,118.5,122.0,118.0,120.0,2.5,208,2021,20.3,2.21,2.2,264.0,1.1149703350316922,5.26,12.26
2021-12-24,2250,143364,16964875,121.5,121.5,116.5,117.0,-3.0,169,2021,19.8,2.16,2.2,257.40000000000003,1.0870960766559001,5.26,12.26
2021-12-27,2250,104443,12307203,116.0,119.5,116.0,118.0,1.0,107,2021,19.97,2.17,2.2,259.6,1.0963874961144973,5.26,12.26
2021-12-28,2250,66926,7887622,118.5,120.0,117.0,117.5,-0.5,99,2021,19.88,2.17,2.2,258.5,1.0917417863851986,5.26,12.26
2021-12-29,2250,73974,8647711,118.0,118.0,116.0,116.0,-1.5,73,2021,19.63,2.14,2.2,255.20000000000002,1.0778046571973023,5.26,12.26
2021-12-30,2250,40324,4660169,116.5,116.5,115.0,115.5,-0.5,49,2021,19.54,2.13,2.2,254.10000000000002,1.0731589474680037,5.26,12.26
2022-01-03,2250,182189,21448611,116.0,120.5,114.5,120.0,4.5,192,2022,20.3,2.21,2.92,350.4,1.3010438797841395,3.44,7.17
2022-01-04,2250,136145,16250289,121.5,121.5,117.5,118.0,-2.0,449,2022,19.97,2.17,2.92,344.56,1.2793598151210706,3.44,7.17
2022-01-05,2250,1349695,171678075,120.0,129.5,118.5,128.0,10.0,1139,2022,21.66,2.36,2.92,373.76,1.3877801384364155,3.44,7.17
2022-01-06,2250,693459,86584773,126.0,127.5,122.5,127.0,-1.0,871,2022,21.49,2.34,2.92,370.84,1.3769381061048809,3.44,7.17
2022-01-07,2250,1161115,152638154,129.5,135.0,128.0,130.5,3.5,1414,2022,32.79,2.41,2.92,381.06,1.414885219265252,3.44,7.17
2022-01-10,2250,414046,52877392,129.0,132.0,125.0,126.5,-4.0,475,2022,31.78,2.33,2.92,369.38,1.3715170899391138,3.44,7.17
2022-01-11,2250,448112,56256057,128.5,131.0,121.5,121.5,-5.0,423,2022,30.53,2.24,2.92,354.78,1.3173069282814411,3.44,7.17
2022-01-12,2250,135071,16505167,122.5,124.0,120.5,122.5,1.0,327,2022,30.78,2.26,2.92,357.7,1.328148960612976,3.44,7.17
2022-01-13,2250,306779,36439025,123.0,123.0,115.5,115.5,-7.0,300,2022,29.02,2.13,2.92,337.26,1.2522547342922343,3.44,7.17
2022-01-14,2250,262651,29229212,115.5,115.5,109.0,110.0,-5.5,265,2022,27.64,2.03,2.92,321.2,1.1926235564687946,3.44,7.17
2022-01-17,2250,62246,6965330,109.0,113.0,109.0,112.5,2.5,74,2022,28.27,2.07,2.92,328.5,1.2197286372976308,3.44,7.17
2022-01-18,2250,76575,8573449,112.5,113.5,110.5,111.0,-1.5,276,2022,27.89,2.05,2.92,324.12,1.2034655888003292,3.44,7.17
2022-01-19,2250,73274,8140764,110.5,112.5,109.0,110.5,-0.5,114,2022,27.76,2.04,2.92,322.65999999999997,1.1980445726345617,3.44,7.17
2022-01-20,2250,44023,4928610,111.0,113.0,111.0,111.5,1.0,43,2022,28.02,2.05,2.92,325.58,1.2088866049660965,3.44,7.17
2022-01-21,2250,84018,9197417,112.0,112.5,107.0,108.0,-3.5,92,2022,27.14,1.99,2.92,315.36,1.1709394918057257,3.44,7.17
2022-01-24,2250,101092,10574191,106.0,106.0,103.0,105.5,-2.5,110,2022,26.51,1.94,2.92,308.06,1.1438344109768894,3.44,7.17
2022-01-25,2250,81684,8571185,105.0,107.0,103.5,104.0,-1.5,116,2022,26.13,1.92,2.92,303.68,1.1275713624795876,3.44,7.17
2022-01-26,2250,55355,5803790,103.5,106.0,103.5,106.0,2.0,68,2022,26.63,1.95,2.92,309.52,1.1492554271426567,3.44,7.17
2022-02-07,2250,224882,25619723,108.5,116.5,108.5,116.5,10.5,196,2022,29.27,2.15,2.92,340.18,1.142978484063383,3.44,7.17
2022-02-08,2250,166651,19065773,116.5,117.5,112.5,114.0,-2.5,213,2022,28.64,2.1,2.92,332.88,1.1184510487830528,3.44,7.17
2022-02-09,2250,136411,15789676,115.5,117.5,113.5,117.0,3.0,133,2022,29.4,2.16,2.92,341.64,1.1478839711194488,3.44,7.17
2022-02-10,2250,69139,7981121,117.5,117.5,114.0,115.5,-1.5,67,2022,29.02,2.13,2.92,337.26,1.1331675099512508,3.44,7.17
2022-02-11,2250,74335,8345907,112.0,113.5,111.0,111.5,-4.0,74,2022,28.02,2.05,2.92,325.58,1.0939236135027226,3.44,7.17
2022-02-14,2250,101276,10932228,110.5,110.5,107.0,108.0,-3.5,102,2022,27.14,1.99,2.92,315.36,1.0595852041102605,3.44,7.17
2022-02-15,2250,45278,4912662,108.5,109.5,107.0,108.5,0.5,53,2022,27.26,2.0,2.92,316.82,1.0644906911663266,3.44,7.17
2022-02-16,2250,74670,8143694,110.0,110.0,108.0,110.0,1.5,72,2022,27.64,2.03,2.92,321.2,1.0792071523345246,3.44,7.17
2022-02-17,2250,65741,7191142,110.0,111.0,107.5,109.0,-1.0,72,2022,27.39,2.01,2.92,318.28,1.0693961782223924,3.44,7.17
2022-02-18,2250,44162,4774669,108.5,109.0,107.5,108.5,-0.5,48,2022,27.26,2.0,2.92,316.82,1.0644906911663266,3.44,7.17
2022-02-21,2250,37175,4024402,107.5,109.5,107.0,109.5,1.0,41,2022,27.51,2.02,2.92,319.74,1.0743016652784587,3.44,7.17
2022-02-22,2250,119395,12673830,109.5,109.5,104.5,105.5,-4.0,153,2022,26.51,1.94,2.92,308.06,1.0350577688299305,3.44,7.17
2022-02-23,2250,44187,4713263,105.5,107.5,105.5,107.5,2.0,43,2022,27.01,1.98,2.92,313.9,1.0546797170541946,3.44,7.17
2022-02-24,2250,108198,11285775,106.0,106.0,103.0,103.5,-4.0,95,2022,26.01,1.91,2.92,302.21999999999997,1.0154358206056662,3.44,7.17
2022-02-25,2250,42050,4397750,106.0,106.0,103.0,105.0,1.5,42,2022,26.38,1.94,2.92,306.59999999999997,1.0301522817738642,3.44,7.17
2022-03-01,2250,41031,4376815,106.5,108.0,105.5,108.0,3.0,39,2022,27.14,1.99,2.92,315.36,1.0595852041102605,3.44,7.17
2022-03-02,2250,22020,2354150,107.5,108.5,106.0,108.5,0.5,24,2022,27.26,2.0,2.92,316.82,0.9864585353945943,3.44,7.17
2022-03-03,2250,35841,3836512,108.0,108.5,105.5,105.5,-3.0,44,2022,26.51,1.94,2.92,308.06,0.9591831841855272,3.44,7.17
2022-03-04,2250,17488,1835623,105.0,106.0,104.5,106.0,0.5,27,2022,26.63,1.95,2.92,309.52,0.9637290760537051,3.44,7.17
2022-03-07,2250,76761,7866553,103.5,104.0,101.5,102.5,-3.5,97,2022,25.75,1.89,2.92,299.3,0.9319078329764601,3.44,7.17
2022-03-08,2250,92296,9287998,102.5,103.0,99.2,99.3,-3.2,89,2022,24.95,1.83,2.92,289.95599999999996,0.9028141250201217,3.44,7.17
2022-03-09,2250,37212,3729932,101.5,101.5,99.8,99.8,0.5,40,2022,25.08,1.84,2.92,291.416,0.9073600168882997,3.44,7.17
2022-03-10,2250,65015,6591530,101.5,103.0,100.0,100.0,0.2,58,2022,25.13,1.84,2.92,292.0,0.9091783736355707,3.44,7.17
2022-03-11,2250,49619,4972675,100.5,101.0,99.8,100.0,0.0,54,2022,25.13,1.84,2.92,292.0,0.9091783736355707,3.44,7.17
2022-03-14,2250,18932,1905984,101.5,102.0,100.0,100.5,0.5,28,2022,25.25,1.85,2.92,293.46,0.9137242655037486,3.44,7.17
2022-03-15,2250,76588,7529073,100.5,100.5,97.3,98.3,-2.2,94,2022,24.7,1.81,2.92,287.036,0.893722341283766,3.44,7.17
2022-03-16,2250,28437,2807010,99.9,99.9,97.9,99.3,1.0,37,2022,24.95,1.83,2.92,289.95599999999996,0.9028141250201217,3.44,7.17
2022-03-17,2250,47718,4781685,100.0,101.5,99.6,101.5,2.2,49,2022,25.5,1.87,2.92,296.38,0.9228160492401044,3.44,7.17
2022-03-18,2250,29028,2885056,100.0,100.0,98.7,99.7,-1.8,32,2022,25.05,1.84,2.92,291.124,0.9064508385146641,3.44,7.17
2022-03-21,2250,54970,5452475,99.2,99.4,99.0,99.0,-0.7,65,2022,24.87,1.82,2.92,289.08,0.9000865898992151,3.44,7.17
2022-03-22,2250,39290,3867598,99.0,99.0,98.1,99.0,0.0,40,2022,24.87,1.82,2.92,289.08,0.9000865898992151,3.44,7.17
2022-03-23,2250,27280,2729485,100.0,100.5,99.1,100.0,1.0,34,2022,25.13,1.84,2.92,292.0,0.9091783736355707,3.44,7.17
2022-03-24,2250,27611,2756416,99.3,100.5,99.1,100.5,0.5,38,2022,25.25,1.85,2.92,293.46,0.9137242655037486,3.44,7.17
2022-03-25,2250,56214,5558913,100.5,100.5,98.0,98.0,-2.5,61,2022,24.62,1.81,2.92,286.15999999999997,0.8909948061628592,3.44,7.17
2022-03-28,2250,21215,2077668,97.1,98.7,97.0,98.0,0.0,144,2022,17.53,1.79,2.92,286.15999999999997,0.8909948061628592,3.44,7.17
2022-03-29,2250,36095,3541492,98.6,98.7,97.5,97.5,-0.5,54,2022,17.44,1.79,2.92,284.7,0.8864489142946815,3.44,7.17
2022-03-30,2250,90957,9160083,99.0,103.0,98.9,100.0,2.5,112,2022,17.89,1.83,2.92,292.0,0.9091783736355707,3.44,7.17
2022-03-31,2250,22075,2193546,101.0,101.0,98.9,98.9,-1.1,43,2022,17.69,1.81,2.92,288.788,0.8991774115255795,3.44,7.17
2022-04-01,2250,46177,4529615,98.9,98.9,97.6,98.0,-0.9,60,2022,17.53,1.79,2.92,286.15999999999997,0.8909948061628592,3.44,7.17
2022-04-06,2250,15482,1517950,98.0,98.5,97.4,98.5,0.5,78,2022,17.62,1.8,2.92,287.62,0.8221533775405374,3.44,7.17
2022-04-07,2250,29234,2851758,98.5,98.5,96.6,97.9,-0.6,62,2022,17.51,1.79,2.92,285.868,0.8171453366621179,3.44,7.17
2022-04-08,2250,58156,5634394,97.9,97.9,96.5,96.8,-1.1,145,2022,17.32,1.77,2.92,282.656,0.8079639283850154,3.44,7.17
2022-04-11,2250,173052,15858401,96.5,97.9,88.0,88.9,-7.9,219,2022,15.9,1.63,2.92,259.588,0.7420247234858252,3.44,7.17
2022-04-12,2250,102969,9049388,88.8,90.0,87.5,89.0,0.1,111,2022,15.92,1.63,2.92,259.88,0.7428593969655617,3.44,7.17
2022-04-13,2250,55230,4887409,89.0,89.0,87.7,89.0,0.0,55,2022,15.92,1.63,2.92,259.88,0.7428593969655617,3.44,7.17
2022-04-14,2250,24309,2161473,88.2,89.3,88.2,89.3,0.3,32,2022,15.97,1.63,2.92,260.756,0.7453634174047713,3.44,7.17
2022-04-15,2250,12240,1090817,89.3,89.4,88.9,89.0,-0.3,150,2022,15.92,1.63,2.92,259.88,0.7428593969655617,3.44,7.17
2022-04-18,2250,28232,2508202,88.8,89.1,87.6,89.0,0.0,139,2022,15.92,1.63,2.92,259.88,0.7428593969655617,3.44,7.17
2022-04-19,2250,27319,2466840,90.5,90.8,89.5,89.5,0.5,141,2022,16.01,1.64,2.92,261.34,0.7470327643642445,3.44,7.17
2022-04-20,2250,29628,2634660,90.2,90.2,88.2,89.0,-0.5,164,2022,15.92,1.63,2.92,259.88,0.7428593969655617,3.44,7.17
2022-04-21,2250,26525,2374920,90.4,90.4,88.8,88.9,-0.1,329,2022,15.9,1.63,2.92,259.588,0.7420247234858252,3.44,7.17
2022-04-22,2250,25662,2288797,91.3,91.3,88.3,89.0,0.1,133,2022,15.92,1.63,2.92,259.88,0.7428593969655617,3.44,7.17
2022-04-25,2250,80636,6965129,88.5,88.5,85.8,85.8,-3.2,163,2022,15.35,1.57,2.92,250.53599999999997,0.7161498456139909,3.44,7.17
2022-04-26,2250,6246,536876,86.8,86.8,85.7,85.7,-0.1,34,2022,15.33,1.57,2.92,250.244,0.7153151721342543,3.44,7.17
2022-04-27,2250,107377,8766933,85.1,85.1,80.3,81.8,-3.9,111,2022,14.63,1.5,2.92,238.856,0.6827629064245275,3.44,7.17
2022-04-28,2250,60099,4944136,81.9,82.9,81.8,82.0,0.2,48,2022,14.67,1.5,2.92,239.44,0.6844322533840007,3.44,7.17
2022-04-29,2250,81526,7353643,90.2,90.2,90.2,90.2,8.2,63,2022,16.14,1.65,2.92,263.384,0.7528754787224008,3.44,7.17
2022-05-03,2250,571903,55300335,99.2,99.2,92.2,93.8,3.6,503,2022,16.78,1.72,2.92,273.89599999999996,0.8018910735543059,3.44,7.17
2022-05-04,2250,64255,5908987,93.4,93.4,90.5,91.8,-2.0,71,2022,16.42,1.68,2.92,268.056,0.7847931828601843,3.44,7.17
2022-05-05,2250,62047,5765658,92.1,94.5,92.0,92.2,0.4,63,2022,16.49,1.69,2.92,269.224,0.7882127609990087,3.44,7.17
2022-05-06,2250,54241,4914786,90.0,92.0,89.2,91.0,-1.2,50,2022,16.28,1.67,2.92,265.71999999999997,0.7779540265825355,3.44,7.17
2022-05-09,2250,42757,3818153,89.6,90.0,88.7,88.8,-2.2,48,2022,15.89,1.63,2.92,259.296,0.7591463468190018,3.44,7.17
2022-05-10,2250,26019,2320484,88.5,90.0,88.0,89.0,0.2,27,2022,15.92,1.63,2.92,259.88,0.760856135888414,3.44,7.17
2022-05-11,2250,13130,1157362,88.0,89.5,87.6,88.1,-0.9,14,2022,15.76,1.61,2.92,257.25199999999995,0.7531620850760591,3.44,7.17
2022-05-12,2250,50635,4314093,86.2,86.4,84.5,84.6,-3.5,60,2022,15.13,1.55,2.92,247.03199999999998,0.7232407763613463,3.44,7.17
2022-05-13,2250,33509,2835766,84.8,85.3,83.5,84.4,-0.2,36,2022,16.58,1.48,2.92,246.448,0.7215309872919342,3.44,7.17
2022-05-16,2250,85317,7087167,84.8,86.8,82.1,82.7,-1.7,73,2022,16.25,1.45,2.92,241.484,0.7069977802019308,3.44,7.17
2022-05-17,2250,40431,3366570,84.2,84.2,82.9,83.1,0.4,44,2022,16.33,1.46,2.92,242.652,0.7104173583407551,3.44,7.17
2022-05-18,2250,151359,13206694,85.8,89.8,84.7,88.6,5.5,160,2022,17.41,1.55,2.92,258.712,0.7574365577495897,3.44,7.17
2022-05-19,2250,30065,2595035,86.7,86.7,85.6,86.6,-2.0,36,2022,17.01,1.52,2.92,252.87199999999999,0.740338667055468,3.44,7.17
2022-05-20,2250,115201,10424037,88.0,92.9,88.0,90.9,4.3,110,2022,17.86,1.6,2.92,265.428,0.7770991320478295,3.44,7.17
2022-05-23,2250,62243,5531887,90.9,90.9,87.8,88.4,-2.5,65,2022,17.37,1.55,2.92,258.128,0.7557267686801775,3.44,7.17
2022-05-24,2250,60212,5192296,88.2,88.2,85.0,85.0,-3.4,62,2022,16.7,1.49,2.92,248.2,0.7266603545001706,3.44,7.17
2022-05-25,2250,37001,3203286,86.2,87.8,85.7,86.7,1.7,35,2022,17.03,1.52,2.92,253.16400000000002,0.7411935615901741,3.44,7.17
2022-05-26,2250,17331,1491102,87.0,87.0,85.2,85.2,-1.5,21,2022,16.74,1.49,2.92,248.784,0.7283701435695829,3.44,7.17
2022-05-27,2250,24000,2082000,86.8,87.4,86.1,87.0,1.8,24,2022,17.09,1.53,2.92,254.04,0.7437582451942923,3.44,7.17
2022-05-30,2250,31407,2762380,88.0,88.2,87.8,87.8,0.8,34,2022,17.25,1.54,2.92,256.376,0.750597401471941,3.44,7.17
2022-05-31,2250,39196,3411848,88.0,88.0,86.6,87.8,0.0,39,2022,17.25,1.54,2.92,256.376,0.750597401471941,3.44,7.17
2022-06-01,2250,58000,5177200,88.0,90.5,88.0,89.4,1.6,52,2022,17.56,1.57,2.92,261.048,0.7642757140272384,3.44,7.17
2022-06-02,2250,14040,1245676,90.0,90.0,88.5,88.5,-0.9,16,2022,17.39,1.55,2.92,258.42,0.7791676817575505,3.44,7.17
2022-06-06,2250,11001,965197,87.7,88.0,87.6,87.7,-0.8,12,2022,17.23,1.54,2.92,256.084,0.7721243580806461,3.44,7.17
2022-06-07,2250,23090,2014938,87.7,88.6,86.7,87.2,-0.5,21,2022,17.13,1.53,2.92,254.624,0.7677222807825808,3.44,7.17
2022-06-08,2250,13386,1175768,87.3,88.3,87.3,87.3,0.1,20,2022,17.15,1.53,2.92,254.916,0.7686026962421939,3.44,7.17
2022-06-09,2250,17323,1533248,88.5,88.8,88.3,88.4,1.1,22,2022,17.37,1.55,2.92,258.128,0.7782872662979374,3.44,7.17
2022-06-10,2250,11150,985760,88.0,88.6,88.0,88.5,0.1,14,2022,17.39,1.55,2.92,258.42,0.7791676817575505,3.44,7.17
2022-06-13,2250,65586,5805756,89.0,89.2,88.0,88.2,-0.3,64,2022,17.33,1.55,2.92,257.544,0.7765264353787114,3.44,7.17
2022-06-14,2250,53000,4642400,88.2,88.2,86.9,87.9,-0.3,48,2022,17.27,1.54,2.92,256.668,0.7738851889998721,3.44,7.17
2022-06-15,2250,23712,2086648,87.9,88.4,87.6,88.1,0.2,31,2022,17.31,1.55,2.92,257.25199999999995,0.7756460199190981,3.44,7.17
2022-06-16,2250,42010,3699768,88.5,89.0,87.4,87.6,-0.5,36,2022,17.21,1.54,2.92,255.79199999999997,0.7712439426210329,3.44,7.17
2022-06-17,2250,69070,5972167,87.1,87.1,85.7,87.1,-0.5,52,2022,17.11,1.53,2.92,254.33199999999997,0.7668418653229676,3.44,7.17
2022-06-20,2250,67284,5811433,87.1,87.1,85.6,85.6,-1.5,74,2022,16.82,1.5,2.92,249.95199999999997,0.7536356334287718,3.44,7.17
2022-06-21,2250,23122,2007177,86.8,88.3,86.0,88.3,2.7,26,2022,17.35,1.55,2.92,257.836,0.7774068508383244,3.44,7.17
2022-06-22,2250,42001,3645589,88.1,88.1,86.3,86.5,-1.8,28,2022,16.99,1.52,2.92,252.57999999999998,0.7615593725652895,3.44,7.17
2022-06-23,2250,41154,3573652,86.8,87.9,86.5,87.7,1.2,33,2022,17.23,1.54,2.92,256.084,0.7721243580806461,3.44,7.17
2022-06-24,2250,20015,1755920,88.8,88.8,87.2,87.9,0.2,25,2022,17.27,1.54,2.92,256.668,0.7738851889998721,3.44,7.17
2022-06-27,2250,26000,2296800,88.0,88.9,87.5,88.5,0.6,24,2022,17.39,1.55,2.92,258.42,0.7791676817575505,3.44,7.17
2022-06-28,2250,6217,548903,87.2,88.5,87.2,88.5,0.0,60,2022,17.39,1.55,2.92,258.42,0.7791676817575505,3.44,7.17
2022-06-29,2250,14154,1233249,86.7,89.0,86.6,87.5,-1.0,18,2022,17.19,1.54,2.92,255.5,0.77036352716142,3.44,7.17
2022-06-30,2250,17173,1485896,86.3,89.1,83.2,87.6,0.1,31,2022,17.21,1.54,2.92,255.79199999999997,0.7712439426210329,3.44,7.17
2022-07-01,2250,255119,24567952,96.3,96.3,96.3,96.3,8.7,163,2022,18.92,1.69,2.92,281.19599999999997,0.8478400876073683,3.44,7.17
2022-07-04,2250,851879,82641675,100.0,102.5,91.1,91.1,-5.2,652,2022,17.9,1.6,2.92,266.012,0.8136085489884947,3.44,7.17
2022-07-05,2250,309931,27094399,91.1,91.7,84.1,85.6,-5.5,271,2022,16.82,1.5,2.92,249.95199999999997,0.7644883841209126,3.44,7.17
2022-07-06,2250,110858,9402268,87.0,87.0,83.1,83.1,-2.5,98,2022,16.33,1.46,2.92,242.652,0.7421610364538299,3.44,7.17
2022-07-07,2250,145689,11889186,83.2,84.1,80.8,82.0,-1.1,149,2022,16.11,1.44,2.92,239.44,0.7323370034803135,3.44,7.17
2022-07-08,2250,45650,3781846,82.3,84.2,82.0,82.4,0.4,99,2022,16.19,1.45,2.92,240.608,0.7359093791070468,3.44,7.17
2022-07-11,2250,23010,1904722,83.0,83.0,82.3,82.8,0.4,18,2022,16.27,1.45,2.92,241.77599999999998,0.73948175473378,3.44,7.17
2022-07-12,2250,37020,3049062,81.9,83.6,81.9,81.9,-0.9,39,2022,16.09,1.44,2.92,239.14800000000002,0.7314439095736304,3.44,7.17
2022-07-13,2250,28000,2300700,82.8,82.8,81.9,82.1,0.2,28,2022,16.13,1.44,2.92,239.73199999999997,0.7332300973869967,3.44,7.17
2022-07-14,2250,10101,829476,81.9,82.3,81.9,82.3,0.2,15,2022,16.17,1.44,2.92,240.31599999999997,0.7350162852003633,3.44,7.17
2022-07-15,2250,32017,2683329,84.4,84.5,82.6,84.4,2.1,36,2022,16.58,1.48,2.92,246.448,0.7537712572407129,3.44,7.17
2022-07-18,2250,17000,1419800,83.5,83.8,83.0,83.8,-0.6,16,2022,16.46,1.47,2.92,244.696,0.7484126938006131,3.44,7.17
2022-07-19,2250,15012,1266615,84.0,84.8,84.0,84.4,0.6,18,2022,16.58,1.48,2.92,246.448,0.7537712572407129,3.44,7.17
2022-07-20,2250,30000,2544300,84.9,85.3,84.1,84.1,-0.3,26,2022,16.52,1.48,2.92,245.57199999999997,0.7510919755206629,3.44,7.17
2022-07-21,2250,9043,762932,83.6,84.7,83.6,84.7,0.6,15,2022,16.64,1.49,2.92,247.324,0.7564505389607629,3.44,7.17
2022-07-22,2250,36062,3045380,84.7,85.2,83.7,84.1,-0.6,41,2022,16.52,1.48,2.92,245.57199999999997,0.7510919755206629,3.44,7.17
2022-07-25,2250,14913,1250218,83.4,84.2,83.4,84.2,0.1,31,2022,16.54,1.48,2.92,245.864,0.7519850694273463,3.44,7.17
2022-07-26,2250,33068,2743348,83.7,84.0,82.5,82.8,-1.4,39,2022,16.27,1.45,2.92,241.77599999999998,0.73948175473378,3.44,7.17
2022-07-27,2250,28298,2361342,82.5,84.3,82.5,84.3,1.5,49,2022,16.56,1.48,2.92,246.15599999999998,0.7528781633340297,3.44,7.17
2022-07-28,2250,59124,4875131,83.2,83.2,81.8,82.0,0.0,46,2022,16.11,1.44,2.92,239.44,0.7323370034803135,3.44,7.17
2022-07-29,2250,21004,1725838,82.2,83.0,82.0,82.6,0.6,20,2022,16.23,1.45,2.92,241.19199999999998,0.7376955669204134,3.44,7.17
2022-08-01,2250,9000,740500,82.4,82.8,82.0,82.8,0.2,9,2022,16.27,1.45,2.92,241.77599999999998,0.73948175473378,3.44,7.17
2022-08-02,2250,46177,3732324,81.5,81.5,80.5,80.8,-2.0,44,2022,15.87,1.42,2.92,235.93599999999998,0.7387652947893838,3.44,7.17
2022-08-03,2250,9000,732600,82.9,82.9,80.6,81.3,0.5,9,2022,15.97,1.43,2.92,237.396,0.743336862207635,3.44,7.17
2022-08-04,2250,8000,645200,80.6,80.8,80.6,80.6,-0.7,8,2022,15.83,1.41,2.92,235.35199999999998,0.7369366678220832,3.44,7.17
2022-08-05,2250,10148,832656,83.0,83.0,81.5,82.0,1.4,20,2022,16.11,1.44,2.92,239.44,0.7497370565931866,3.44,7.17
2022-08-08,2250,52071,4174402,80.6,81.7,79.4,80.0,-2.0,52,2022,15.72,1.4,2.92,233.6,0.731450786920182,3.44,7.17
2022-08-09,2250,5301,428280,81.2,81.2,80.1,80.7,0.7,15,2022,15.85,1.42,2.92,235.644,0.7378509813057336,3.44,7.17
2022-08-10,2250,9100,735570,81.2,81.2,80.2,81.0,0.3,8,2022,15.91,1.42,2.92,236.51999999999998,0.7405939217566843,3.44,7.17
2022-08-11,2250,17795,1433721,81.6,81.6,80.2,80.9,-0.1,29,2022,15.89,1.42,2.92,236.228,0.739679608273034,3.44,7.17
2022-08-12,2250,11506,928690,80.4,81.1,80.4,81.1,0.2,21,2022,15.93,1.42,2.92,236.81199999999998,0.7415082352403345,3.44,7.17
2022-08-15,2250,28948,2374287,81.6,83.3,81.5,81.9,0.8,32,2022,22.26,1.54,2.92,239.14800000000002,0.7488227431095364,3.44,7.17
2022-08-16,2250,13215,1080198,81.2,82.3,81.2,81.8,-0.1,17,2022,22.23,1.54,2.92,238.856,0.7479084296258861,3.44,7.17
2022-08-17,2250,18437,1500681,81.4,81.7,81.3,81.4,-0.4,23,2022,22.12,1.53,2.92,237.68800000000002,0.7442511756912852,3.44,7.17
2022-08-18,2250,13088,1072362,80.9,82.2,80.9,81.5,0.1,17,2022,22.15,1.53,2.92,237.98,0.7451654891749354,3.44,7.17
2022-08-19,2250,21050,1708675,81.5,81.8,80.8,81.4,-0.1,21,2022,22.12,1.53,2.92,237.68800000000002,0.7442511756912852,3.44,7.17
2022-08-22,2250,18117,1462370,80.8,80.8,80.6,80.8,-0.6,21,2022,21.96,1.52,2.92,235.93599999999998,0.7387652947893838,3.44,7.17
2022-08-23,2250,14060,1134237,80.5,81.1,80.5,80.6,-0.2,29,2022,21.9,1.52,2.92,235.35199999999998,0.7369366678220832,3.44,7.17
2022-08-24,2250,19054,1552174,80.7,82.1,80.7,81.8,1.2,25,2022,22.23,1.54,2.92,238.856,0.7479084296258861,3.44,7.17
2022-08-25,2250,21312,1747500,81.5,82.5,81.4,82.2,0.4,22,2022,22.34,1.55,2.92,240.024,0.751565683560487,3.44,7.17
2022-08-26,2250,9153,752966,82.7,82.7,81.7,82.3,0.1,16,2022,22.36,1.55,2.92,240.31599999999997,0.752479997044137,3.44,7.17
2022-08-29,2250,10080,818744,81.3,81.8,81.0,81.5,-0.8,12,2022,22.15,1.53,2.92,237.98,0.7451654891749354,3.44,7.17
2022-08-30,2250,11205,914207,81.5,82.0,81.1,82.0,0.5,14,2022,22.28,1.54,2.92,239.44,0.7497370565931866,3.44,7.17
2022-08-31,2250,34106,2824767,82.0,83.5,82.0,83.5,1.5,35,2022,22.69,1.57,2.92,243.82,0.7634517588479399,3.44,7.17
2022-09-01,2250,26217,2172673,82.5,83.6,82.1,83.6,0.1,28,2022,22.72,1.57,2.92,244.11199999999997,0.76436607233159,3.44,7.17
2022-09-02,2250,187620,16572907,85.0,91.0,85.0,87.7,4.1,172,2022,23.83,1.65,2.92,256.084,0.812285338364467,3.44,7.17
2022-09-05,2250,31471,2724342,87.7,87.8,86.0,86.0,-1.7,39,2022,23.37,1.62,2.92,251.12,0.7965397844851102,3.44,7.17
2022-09-06,2250,19348,1655502,85.0,87.3,84.9,85.5,-0.5,24,2022,23.23,1.61,2.92,249.66,0.7919087392264759,3.44,7.17
2022-09-07,2250,50691,4292725,86.9,86.9,83.5,83.8,-1.7,184,2022,22.77,1.58,2.92,244.696,0.776163185347119,3.44,7.17
2022-09-08,2250,16075,1354085,84.6,84.6,83.5,84.3,0.5,22,2022,22.91,1.59,2.92,246.15599999999998,0.7807942306057534,3.44,7.17
2022-09-12,2250,29001,2415884,83.4,83.6,83.2,83.2,-1.1,27,2022,22.61,1.57,2.92,242.944,0.7706059310367578,3.44,7.17
2022-09-13,2250,10399,876645,85.0,85.0,83.6,84.0,0.8,14,2022,22.83,1.58,2.92,245.28,0.7780156034505727,3.44,7.17
2022-09-14,2250,12101,1006947,85.0,85.0,82.8,82.9,-1.1,19,2022,22.53,1.56,2.92,242.068,0.7678273038815772,3.44,7.17
2022-09-15,2250,15500,1279150,82.4,83.7,82.1,82.6,-0.3,16,2022,22.45,1.55,2.92,241.19199999999998,0.7650486767263965,3.44,7.17
2022-09-16,2250,11410,936864,82.0,83.8,81.7,82.4,-0.2,18,2022,22.39,1.55,2.92,240.608,0.7631962586229428,3.44,7.17
2022-09-19,2250,11219,924236,82.4,84.5,81.6,84.5,2.1,15,2022,22.96,1.59,2.92,246.73999999999998,0.7826466487092072,3.44,7.17
2022-09-20,2250,15497,1278643,84.3,84.3,82.0,82.1,-2.4,25,2022,22.31,1.54,2.92,239.73199999999997,0.7604176314677621,3.44,7.17
2022-09-21,2250,5100,424400,84.2,84.2,82.7,82.7,0.6,7,2022,22.47,1.56,2.92,241.484,0.7659748857781234,3.44,7.17
2022-09-22,2250,5433,447538,81.1,83.1,81.1,82.3,-0.4,12,2022,22.36,1.55,2.92,240.31599999999997,0.7622700495712158,3.44,7.17
2022-09-23,2250,20243,1670536,83.0,83.8,81.7,82.0,-0.3,22,2022,22.28,1.54,2.92,239.44,0.7594914224160353,3.44,7.17
2022-09-26,2250,75147,6015066,81.2,82.6,79.0,80.2,-1.8,194,2022,21.79,1.51,2.92,234.184,0.7428196594849517,3.44,7.17
2022-09-27,2250,31079,2487985,80.0,82.1,79.3,80.2,0.0,38,2022,21.79,1.51,2.92,234.184,0.7428196594849517,3.44,7.17
2022-09-28,2250,33113,2617162,80.4,80.9,78.1,78.9,-1.3,33,2022,21.44,1.48,2.92,230.388,0.7307789418125022,3.44,7.17
2022-09-29,2250,40159,3177983,81.4,81.4,78.6,78.7,-0.2,45,2022,21.39,1.48,2.92,229.804,0.7289265237090485,3.44,7.17
2022-09-30,2250,13158,1035009,77.8,79.8,76.7,79.6,0.9,22,2022,21.63,1.5,2.92,232.432,0.7372624051745904,3.44,7.17
2022-10-03,2250,26362,2113272,79.9,81.8,79.4,79.7,0.1,45,2022,21.66,1.5,2.92,232.724,0.717742542353854,3.44,7.17
2022-10-04,2250,25056,2005356,79.9,81.1,79.6,79.9,0.2,27,2022,21.71,1.5,2.92,233.30800000000002,0.71954365287419,3.44,7.17
2022-10-05,2250,25010,2007518,81.0,81.0,80.0,80.9,1.0,28,2022,21.98,1.52,2.92,236.228,0.7285492054758694,3.44,7.17
2022-10-06,2250,33005,2659797,80.2,81.8,80.2,80.8,-0.1,34,2022,21.96,1.52,2.92,235.93599999999998,0.7276486502157015,3.44,7.17
2022-10-07,2250,25000,2012000,80.2,80.8,80.1,80.5,-0.3,25,2022,21.88,1.51,2.92,235.06,0.7249469844351977,3.44,7.17
2022-10-11,2250,52123,4118023,80.4,81.4,78.0,78.9,-1.6,68,2022,21.44,1.48,2.92,230.388,0.7105381002725105,3.44,7.17
2022-10-12,2250,58019,4606306,79.5,80.0,78.7,79.0,0.1,54,2022,21.47,1.49,2.92,230.68,0.7114386555326785,3.44,7.17
2022-10-13,2250,60455,4731252,79.9,79.9,76.2,76.2,-2.8,68,2022,20.71,1.43,2.92,222.504,0.6862231082479759,3.44,7.17
2022-10-14,2250,69201,5313146,78.6,78.6,76.2,76.2,0.0,61,2022,20.71,1.43,2.92,222.504,0.6862231082479759,3.44,7.17
2022-10-17,2250,121713,8622987,75.9,75.9,69.1,69.7,-6.5,130,2022,18.94,1.31,2.92,203.524,0.6276870163370594,3.44,7.17
2022-10-18,2250,75174,5236267,70.8,70.8,69.1,69.7,0.0,84,2022,18.94,1.31,2.92,203.524,0.6276870163370594,3.44,7.17
2022-10-19,2250,34171,2378474,70.1,70.3,69.0,69.6,-0.1,41,2022,18.91,1.31,2.92,203.23199999999997,0.6267864610768913,3.44,7.17
2022-10-20,2250,53411,3645041,69.1,69.1,67.5,68.2,-1.4,55,2022,18.53,1.28,2.92,199.144,0.6141786874345401,3.44,7.17
2022-10-21,2250,37108,2516507,69.2,69.9,67.0,67.4,-0.8,49,2022,18.32,1.27,2.92,196.80800000000002,0.6069742453531967,3.44,7.17
2022-10-24,2250,41057,2768697,67.6,69.0,66.8,67.4,0.0,44,2022,18.32,1.27,2.92,196.80800000000002,0.6069742453531967,3.44,7.17
2022-10-25,2250,64232,4227882,67.1,67.2,64.5,64.9,-2.5,78,2022,17.64,1.22,2.92,189.508,0.5844603638489978,3.44,7.17
2022-10-26,2250,169428,11785915,68.0,71.3,67.9,68.3,3.4,181,2022,18.56,1.29,2.92,199.43599999999998,0.615079242694708,3.44,7.17
2022-10-27,2250,95140,6720872,70.2,72.5,69.7,70.2,1.9,96,2022,19.08,1.32,2.92,204.984,0.6321897926378991,3.44,7.17
2022-10-28,2250,36334,2524369,69.3,70.1,68.8,69.5,-0.7,42,2022,18.89,1.31,2.92,202.94,0.6258859058167234,3.44,7.17
2022-10-31,2250,37046,2579596,70.1,70.2,69.2,69.6,0.1,49,2022,18.91,1.31,2.92,203.23199999999997,0.6267864610768913,3.44,7.17
2022-11-01,2250,17110,1206810,71.0,71.0,69.9,70.6,1.0,19,2022,19.18,1.33,2.92,206.152,0.6357920136785707,3.44,7.17
2022-11-02,2250,26010,1839901,70.1,71.6,70.1,70.7,0.1,27,2022,19.21,1.33,2.92,206.44400000000002,0.6331426131930576,3.44,7.17
2022-11-03,2250,11414,801780,70.0,70.7,69.8,70.6,-0.1,16,2022,19.18,1.33,2.92,206.152,0.6322470790867023,3.44,7.17
2022-11-04,2250,19000,1335100,70.6,71.3,69.6,70.5,-0.1,18,2022,19.16,1.33,2.92,205.85999999999999,0.6313515449803473,3.44,7.17
2022-11-07,2250,39010,2765619,71.0,71.3,70.5,71.0,0.5,39,2022,19.29,1.34,2.92,207.32,0.6358292155121228,3.44,7.17
2022-11-08,2250,69353,4912466,70.5,71.0,70.4,70.7,-0.3,73,2022,19.21,1.33,2.92,206.44400000000002,0.6331426131930576,3.44,7.17
2022-11-09,2250,111012,7896570,70.7,73.0,70.7,70.8,0.1,111,2022,19.24,1.33,2.92,206.736,0.6340381472994127,3.44,7.17
2022-11-10,2250,150363,10582064,71.0,71.1,69.6,70.4,-0.4,104,2022,19.13,1.32,2.92,205.568,0.6304560108739923,3.44,7.17
2022-11-11,2250,62606,4404287,71.2,71.5,69.9,70.0,-0.4,63,2022,19.02,1.32,2.92,204.4,0.6268738744485718,3.44,7.17
2022-11-14,2250,112193,7849302,70.0,70.6,69.3,70.6,0.6,106,2022,20.95,1.3,2.92,206.152,0.6322470790867023,3.44,7.17
2022-11-15,2250,95000,6647200,70.0,70.0,69.7,69.9,-0.7,87,2022,20.74,1.28,2.92,204.108,0.6259783403422167,3.44,7.17
2022-11-16,2250,48000,3364800,70.1,71.5,69.7,69.8,-0.1,44,2022,20.71,1.28,2.92,203.81599999999997,0.6250828062358615,3.44,7.17
2022-11-17,2250,46050,3217900,70.0,70.6,69.5,69.9,0.1,38,2022,20.74,1.28,2.92,204.108,0.6259783403422167,3.44,7.17
2022-11-18,2250,28015,1965251,70.3,70.7,69.6,69.8,-0.1,35,2022,20.71,1.28,2.92,203.81599999999997,0.6250828062358615,3.44,7.17
2022-11-21,2250,64367,4435590,68.7,69.9,68.5,68.6,-1.2,60,2022,20.36,1.26,2.92,200.31199999999998,0.6143363969596003,3.44,7.17
2022-11-22,2250,45116,3102301,68.5,69.6,68.2,68.8,0.2,52,2022,20.42,1.26,2.92,200.896,0.6161274651723105,3.44,7.17
2022-11-23,2250,33075,2303770,69.8,70.4,68.8,70.4,1.6,46,2022,20.89,1.29,2.92,205.568,0.6304560108739923,3.44,7.17
2022-11-24,2250,32040,2257816,70.7,70.7,70.0,70.7,0.3,28,2022,20.98,1.3,2.92,206.44400000000002,0.6331426131930576,3.44,7.17
2022-11-25,2250,41107,2887197,70.2,70.7,69.9,70.0,-0.7,51,2022,20.77,1.28,2.92,204.4,0.6268738744485718,3.44,7.17
2022-11-28,2250,11000,772800,70.0,70.6,69.7,70.4,0.4,11,2022,20.89,1.29,2.92,205.568,0.6304560108739923,3.44,7.17
2022-11-29,2250,19000,1338200,70.7,70.7,70.0,70.6,0.2,17,2022,20.95,1.3,2.92,206.152,0.6322470790867023,3.44,7.17
2022-11-30,2250,30002,2127844,70.9,71.2,70.5,71.1,0.5,29,2022,21.1,1.3,2.92,207.61199999999997,0.6367247496184779,3.44,7.17
2022-12-01,2250,51013,3666343,71.1,73.0,71.1,72.6,1.5,53,2022,21.54,1.33,2.92,211.992,0.6501577612138044,3.44,7.17
2022-12-02,2250,35142,2546606,72.5,73.0,72.1,72.1,-0.5,41,2022,21.39,1.32,2.92,210.53199999999998,0.639637069491701,3.44,7.17
2022-12-05,2250,60074,4414193,73.4,74.9,72.7,73.5,1.4,65,2022,21.81,1.35,2.92,214.62,0.6520572067633845,3.44,7.17
2022-12-06,2250,38002,2785447,73.5,74.1,72.8,73.1,-0.4,37,2022,21.69,1.34,2.92,213.45199999999997,0.648508596114332,3.44,7.17
2022-12-07,2250,71098,5185914,73.4,73.5,71.7,73.5,0.4,90,2022,21.81,1.35,2.92,214.62,0.6520572067633845,3.44,7.17
2022-12-08,2250,58270,4246080,72.9,74.0,72.2,72.4,-1.1,97,2022,21.48,1.33,2.92,211.40800000000002,0.6422985274784904,3.44,7.17
2022-12-09,2250,18001,1304374,72.6,72.6,72.2,72.5,0.1,18,2022,21.51,1.33,2.92,211.7,0.6431856801407535,3.44,7.17
2022-12-12,2250,41374,3054710,72.6,74.7,72.6,74.1,1.6,51,2022,21.99,1.36,2.92,216.37199999999999,0.6573801227369632,3.44,7.17
2022-12-13,2250,63059,4742868,74.9,76.3,74.3,74.7,0.6,70,2022,22.17,1.37,2.92,218.124,0.6627030387105418,3.44,7.17
2022-12-14,2250,24078,1803156,74.7,75.7,73.9,75.3,0.6,33,2022,22.34,1.38,2.92,219.87599999999998,0.6680259546841205,3.44,7.17
2022-12-15,2250,6003,448323,75.0,75.4,74.2,74.4,-0.9,8,2022,22.08,1.37,2.92,217.24800000000002,0.6600415807237525,3.44,7.17
2022-12-16,2250,14257,1053628,74.4,74.4,73.0,73.9,-0.5,19,2022,21.93,1.36,2.92,215.788,0.655605817412437,3.44,7.17
2022-12-19,2250,1029,76411,74.2,74.2,74.2,74.2,0.3,13,2022,22.02,1.36,2.92,216.66400000000002,0.6582672753992262,3.44,7.17
2022-12-20,2250,45171,3290250,73.6,74.3,72.5,73.2,-1.0,48,2022,21.72,1.34,2.92,213.744,0.6493957487765952,3.44,7.17
2022-12-21,2250,9012,655879,73.5,73.5,72.5,72.5,-0.7,15,2022,21.51,1.33,2.92,211.7,0.6431856801407535,3.44,7.17
2022-12-22,2250,23004,1670489,72.6,73.9,72.3,72.4,-0.1,23,2022,21.48,1.33,2.92,211.40800000000002,0.6422985274784904,3.44,7.17
2022-12-23,2250,6009,433950,71.6,72.5,71.6,72.4,0.0,8,2022,21.48,1.33,2.92,211.40800000000002,0.6422985274784904,3.44,7.17
2022-12-26,2250,9150,661625,72.4,73.0,71.8,71.8,-0.6,33,2022,21.31,1.32,2.92,209.65599999999998,0.6369756115049117,3.44,7.17
2022-12-27,2250,12060,873228,72.1,73.5,71.8,71.8,0.0,19,2022,21.31,1.32,2.92,209.65599999999998,0.6369756115049117,3.44,7.17
2022-12-28,2250,5061,362588,71.8,71.8,71.6,71.6,-0.2,12,2022,21.25,1.31,2.92,209.07199999999997,0.6352013061803854,3.44,7.17
2022-12-29,2250,7091,502661,70.9,71.0,70.8,71.0,-0.6,37,2022,21.07,1.3,2.92,207.32,0.6298783902068068,3.44,7.17
2022-12-30,2250,17111,1228555,71.7,72.0,71.5,71.6,0.6,15,2022,21.25,1.31,2.92,209.07199999999997,0.6352013061803854,3.44,7.17
