year,stock,stock_name,open_price,close_price,return
2001,2331,精英,10.02,77.93,7.77744510978044
2009,8069,元太,14.15,84.2,5.950530035335689
2001,2377,微星,10.29,51.61,5.015549076773567
2009,8299,群聯,47.23,221.24,4.684310819394454
2009,3083,網龍,93.12,424.0,4.553264604810996
2009,2384,勝華,6.42,28.5,4.4392523364485985
2009,2448,晶電,28.96,117.57,4.059737569060773
2006,2342,茂矽,14.5,58.74,4.051034482758621
2009,2542,興富發,11.42,42.91,3.7574430823117337
2009,3702,大聯大,12.4,45.92,3.703225806451613
1999,2353,宏碁,13.87,51.35,3.70223503965393
2009,3034,聯詠,27.75,101.08,3.6425225225225226
2001,2345,智邦,15.19,54.31,3.5753785385121795
2009,3044,健鼎,29.99,105.65,3.5228409469823276
2005,2474,可成,31.24,109.89,3.517605633802817
2009,3037,欣興,13.0,45.25,3.480769230769231
2009,3474,華亞科,7.91,26.45,3.343868520859671
2001,2489,瑞軒,5.67,18.47,3.257495590828924
2009,2374,佳能,18.12,58.61,3.234547461368653
2005,3008,大立光,127.47,404.62,3.174237075390288
2009,2344,華邦電,3.09,9.77,3.161812297734628
2009,2379,瑞昱,30.58,94.5,3.090255068672335
2009,5522,遠雄,20.9,64.52,3.0870813397129186
2009,2352,佳世達,6.5,20.05,3.0846153846153848
2009,2915,潤泰全,18.52,56.8,3.0669546436285096
2003,2606,裕民,4.55,13.79,3.0307692307692307
2007,5483,中美晶,59.38,178.6,3.0077467160660154
2009,2101,南港,13.8,41.5,3.0072463768115942
2001,2379,瑞昱,35.13,105.04,2.9900370054084826
2005,2315,神達,11.3,33.51,2.9654867256637165
2002,2204,中華,15.03,43.88,2.9194943446440456
1999,2323,中環,18.14,52.91,2.916758544652701
2009,2105,正新,19.71,57.39,2.9117199391171993
2009,5371,中光電,15.09,43.67,2.893969516235918
2009,2393,億光,39.83,114.93,2.8855134320863676
2009,3189,景碩,28.82,82.7,2.8695350451075643
2009,2327,國巨,4.08,11.7,2.867647058823529
2009,2106,建大,11.72,33.35,2.8455631399317407
2002,1710,東聯,4.27,12.11,2.836065573770492
2006,8299,群聯,45.9,129.47,2.8206971677559913
2006,2354,鴻準,90.21,251.75,2.790710564238998
2009,2376,技嘉,10.44,29.08,2.78544061302682
2009,3231,緯創,20.22,56.24,2.7814045499505444
2001,2418,雅新,5.61,15.56,2.7736185383244205
2005,8078,華寶,33.61,93.17,2.7720916393930377
2009,3035,智原,24.27,66.62,2.7449526163988467
2005,3231,緯創,8.83,24.21,2.7417893544733865
2009,2317,鴻海,55.35,151.5,2.7371273712737128
2007,6182,合晶,57.42,156.69,2.7288401253918493
2009,6121,新普,61.81,168.15,2.7204335867982525
2009,2324,仁寶,15.1,40.89,2.7079470198675497
2003,2609,陽明,7.14,19.17,2.684873949579832
2009,2201,裕隆,13.93,37.34,2.6805455850681983
2006,5522,遠雄,16.53,44.12,2.66908650937689
2009,2401,凌陽,13.15,34.95,2.6577946768060836
2009,2385,群光,26.57,70.59,2.6567557395558903
2005,2354,鴻準,34.2,90.21,2.6377192982456137
2009,2328,廣宇,22.0,58.0,2.6363636363636362
2009,2350,環電,7.7,20.2,2.623376623376623
2009,2454,聯發科,201.29,526.9,2.617616374385215
2005,2393,億光,21.6,56.48,2.6148148148148147
2002,2201,裕隆,10.92,28.54,2.6135531135531136
2009,9940,信義,18.75,49.0,2.6133333333333333
1999,2337,旺宏,18.25,47.54,2.604931506849315
2001,3019,亞光,34.96,90.61,2.591819221967963
2009,3059,華晶科,25.17,65.2,2.5903853794199443
2009,2331,精英,5.65,14.61,2.5858407079646013
2001,2430,燦坤,8.34,21.5,2.577937649880096
2009,2204,中華,8.57,22.07,2.575262543757293
1999,2349,錸德,24.5,62.83,2.5644897959183672
2009,8078,華寶,17.11,43.85,2.562828755113969
2005,3044,健鼎,23.5,59.86,2.5472340425531916
1999,2363,矽統,40.61,103.4,2.5461708938685055
2009,8008,建興電,12.07,30.63,2.5376967688483845
1999,2345,智邦,16.97,42.95,2.5309369475545083
2009,2458,義隆,22.2,55.6,2.5045045045045047
2009,2311,日月光,10.34,25.88,2.502901353965184
2009,2548,華固,28.52,71.16,2.4950911640953715
2009,9945,潤泰新,16.88,41.9,2.4822274881516586
2001,2301,光寶科,8.71,21.6,2.4799081515499424
2003,2495,普安,12.37,30.64,2.47696038803557
2009,5478,智冠,82.54,203.5,2.4654712866488975
2009,3227,原相,106.68,262.11,2.4569741282339708
2006,2526,大陸,9.56,23.25,2.4320083682008367
2009,6176,瑞儀,17.65,42.86,2.428328611898017
2009,2356,英業達,7.21,17.31,2.4008321775312065
2007,3702,大聯大,11.83,27.97,2.364327979712595
2002,2615,萬海,5.12,12.1,2.36328125
2001,3041,揚智,17.77,41.93,2.3595948227349464
2001,2332,友訊,11.62,27.37,2.3554216867469884
2009,2353,宏碁,39.45,92.57,2.3465145754119137
2009,2301,光寶科,19.29,45.15,2.3405909797822706
2006,9933,中鼎,9.42,22.04,2.3397027600849256
2009,2303,聯電,7.18,16.61,2.3133704735376046
1999,2311,日月光,15.76,36.35,2.306472081218274
2009,2337,旺宏,7.37,16.98,2.30393487109905
2009,8131,福懋科,20.39,46.97,2.3035801863658656
2009,2347,聯強,26.69,61.22,2.293742974896965
2009,2536,宏普,20.86,47.51,2.2775647171620323
2009,3293,鈊象,109.21,248.14,2.272136251259042
2009,8081,致新,78.89,178.25,2.259475218658892
2009,3062,建漢,22.0,49.7,2.2590909090909093
2002,9907,統一實,2.95,6.66,2.2576271186440677
2009,1717,長興,13.29,29.99,2.256583897667419
2009,1722,台肥,50.49,112.33,2.2247969895028716
2009,5347,世界,7.03,15.63,2.2233285917496444
2009,3005,神基,12.97,28.81,2.221279876638396
2002,1319,東陽,9.16,20.33,2.21943231441048
2006,1717,長興,13.86,30.71,2.2157287157287158
2009,2059,川湖,78.58,174.0,2.214303894120641
2006,1440,南紡,6.43,14.23,2.2130637636080874
2009,2392,正崴,32.16,71.01,2.208022388059702
1999,5347,世界,22.29,49.03,2.1996410946612834
2005,3037,欣興,16.1,35.3,2.1925465838509313
2003,2449,京元電,8.53,18.64,2.1852286049237986
2006,2328,廣宇,38.88,84.9,2.183641975308642
2009,3376,新日興,66.13,143.47,2.169514592469379
2003,1718,中纖,4.99,10.82,2.1683366733466936
2009,3008,大立光,191.47,414.13,2.162897581866611
2005,2328,廣宇,17.99,38.88,2.1612006670372432
2009,2362,藍天,23.69,50.85,2.146475306036302
2001,2328,廣宇,6.7,14.36,2.143283582089552
2009,2382,廣達,30.61,65.56,2.141783730806926
2009,2451,創見,56.1,120.0,2.1390374331550803
2006,1216,統一,10.71,22.89,2.1372549019607843
2009,2449,京元電,7.12,15.2,2.134831460674157
2007,2347,聯強,26.18,55.77,2.130252100840336
1999,2379,瑞昱,17.07,36.36,2.1300527240773284
2007,2606,裕民,31.76,66.79,2.1029596977329974
2003,2409,友達,11.98,25.11,2.0959933222036726
2006,3062,建漢,29.66,62.01,2.090694538098449
2009,3009,D 奇美電,10.8,22.5,2.083333333333333
2009,1785,光洋科,32.19,66.91,2.0785958372165267
2005,2454,聯發科,121.41,250.95,2.066963182604398
2006,9907,統一實,5.69,11.76,2.0667838312829523
2009,2349,錸德,4.26,8.8,2.0657276995305165
2003,2325,矽品,8.6,17.7,2.058139534883721
2003,2014,中鴻,5.18,10.64,2.0540540540540544
2009,2903,遠百,17.07,35.04,2.0527240773286466
2003,2385,群光,12.81,26.23,2.0476190476190474
2009,1304,台聚,8.55,17.49,2.045614035087719
2009,3481,奇美電,23.43,47.45,2.025181391378575
2002,2207,和泰,9.17,18.57,2.025081788440567
1999,2312,金寶,11.84,23.97,2.024493243243243
2006,2206,三陽,10.12,20.43,2.0187747035573125
2001,2392,正崴,19.96,40.27,2.0175350701402808
2006,2504,國產,7.27,14.64,2.013755158184319
2001,2325,矽品,7.87,15.72,1.997458703939009
2007,2903,遠百,16.5,32.9,1.993939393939394
2006,1560,中砂,55.98,111.44,1.9907109682029296
2009,1704,榮化,18.11,36.05,1.9906129210381005
2009,1402,遠東新,20.12,40.0,1.9880715705765406
2001,2352,佳世達,20.29,40.31,1.9866929521931989
2001,2408,南科,38.16,75.76,1.9853249475890988
2009,1201,味全,21.64,42.89,1.981977818853974
2002,1103,嘉泥,6.5,12.87,1.98
2009,1907,永豐餘,6.65,13.11,1.9714285714285713
2004,2006,東鋼,8.0,15.68,1.96
2009,1440,南紡,6.21,12.17,1.959742351046699
2006,2388,威盛,48.5,95.0,1.958762886597938
2009,1710,東聯,12.23,23.88,1.9525756336876532
2005,2325,矽品,14.97,29.22,1.9519038076152302
2003,3008,大立光,106.23,206.6,1.9448366751388495
2007,3481,奇美電,47.59,92.52,1.944105904601807
2002,2105,正新,7.68,14.93,1.9440104166666667
2006,2915,潤泰全,10.83,21.05,1.9436749769159742
2001,2475,華映,13.57,26.35,1.941783345615328
2009,6116,彩晶,4.28,8.31,1.941588785046729
2007,2103,台橡,17.41,33.79,1.9408385985066052
2007,1710,東聯,16.41,31.77,1.936014625228519
2007,6116,彩晶,6.4,12.34,1.9281249999999999
2009,2408,南科,16.96,32.7,1.9280660377358492
2009,8046,南電,61.26,118.1,1.9278485145282402
2002,1310,台苯,11.45,22.05,1.9257641921397382
2002,9933,中鼎,5.58,10.66,1.9103942652329748
2003,2393,億光,18.06,34.49,1.909745293466224
2006,1736,喬山,94.78,180.46,1.9039881831610046
2009,2441,超豐,17.21,32.75,1.9029633933759442
2006,3376,新日興,65.35,124.3,1.9020657995409336
2009,2612,中航,43.28,82.22,1.8997227356746764
1999,2347,聯強,20.73,39.37,1.8991799324650265
2006,2542,興富發,10.88,20.63,1.8961397058823528
2009,3019,亞光,37.58,71.2,1.8946248004257586
2005,2384,勝華,22.4,42.43,1.8941964285714288
2001,2354,鴻準,7.57,14.29,1.8877146631439892
2003,2323,中環,13.11,24.71,1.8848207475209764
2003,2311,日月光,10.38,19.54,1.8824662813102118
2009,1605,華新,6.36,11.95,1.8789308176100628
1999,2317,鴻海,17.08,32.06,1.8770491803278693
2001,2492,華新科,16.14,30.2,1.8711276332094176
1999,1303,南亞,13.02,24.31,1.8671274961597542
2006,5203,訊連,65.63,122.43,1.8654578698765811
2003,2353,宏碁,15.21,28.34,1.863247863247863
2009,1723,中碳,44.15,82.01,1.8575311438278597
2009,3514,昱晶,50.43,93.4,1.852072179258378
2006,2015,豐興,16.89,31.2,1.847246891651865
2009,2354,鴻準,67.14,124.0,1.8468871015787907
2005,2392,正崴,36.74,67.85,1.8467610234077296
2006,1504,東元,7.47,13.78,1.8447121820615797
2001,2312,金寶,6.62,12.2,1.8429003021148034
2006,3260,威剛,67.33,123.65,1.8364770533194714
2009,2474,可成,48.91,89.3,1.825802494377428
2009,3367,英華達,17.91,32.69,1.8252372975991065
2009,2501,國建,6.95,12.65,1.8201438848920863
2009,1326,台化,35.91,65.32,1.818991924255082
2006,1102,亞泥,12.48,22.63,1.813301282051282
2009,2606,裕民,33.15,59.98,1.8093514328808447
2004,2605,新興,9.86,17.81,1.806288032454361
2005,2313,華通,10.12,18.27,1.8053359683794468
1999,2384,勝華,15.98,28.81,1.8028785982478097
1999,2401,凌陽,25.91,46.69,1.8020069471246623
1999,2331,精英,15.67,28.23,1.801531589023612
2002,2603,長榮,7.11,12.8,1.80028129395218
2004,2606,裕民,13.79,24.8,1.7984046410442351
2009,3014,聯陽,38.74,69.66,1.7981414558595765
2007,2006,東鋼,24.9,44.62,1.7919678714859437
2001,5305,敦南,7.26,13.0,1.790633608815427
2006,6121,新普,38.48,68.84,1.7889812889812893
2009,2485,兆赫,32.99,58.94,1.7866020006062442
2003,1303,南亞,14.81,26.45,1.7859554355165428
2002,1440,南紡,2.87,5.12,1.78397212543554
2009,1313,聯成,9.18,16.37,1.78322440087146
2003,5347,世界,9.03,16.09,1.7818383167220377
2007,2105,正新,17.58,31.31,1.7810011376564279
2007,1301,台塑,39.74,70.68,1.778560644187217
2003,2418,雅新,14.65,26.05,1.7781569965870307
2003,2501,國建,6.34,11.27,1.777602523659306
2009,2006,東鋼,18.79,33.36,1.775412453432677
2005,5371,中光電,17.01,30.16,1.7730746619635507
2004,2207,和泰,26.89,47.64,1.771662328002975
2001,5471,松翰,22.64,40.02,1.7676678445229683
2009,2015,豐興,29.31,51.75,1.7656090071647903
2009,2391,合勤,16.82,29.65,1.762782401902497
2003,2402,毅嘉,19.49,34.33,1.7614161108260646
2005,2363,矽統,21.85,38.37,1.7560640732265445
2006,2385,群光,17.22,30.21,1.7543554006968642
2005,2707,晶華,81.02,142.06,1.753394223648482
2005,2353,宏碁,33.22,58.2,1.7519566526189043
2009,2357,華碩,157.83,276.02,1.7488436925806246
2006,2101,南港,15.32,26.76,1.7467362924281986
2004,4904,遠傳,16.98,29.63,1.7449941107184923
2005,3010,華立,23.62,41.21,1.7447078746824725
2004,1722,台肥,16.53,28.84,1.7447065940713853
2001,2311,日月光,9.49,16.54,1.7428872497365646
2003,1326,台化,16.09,28.02,1.7414543194530765
2003,3034,聯詠,22.87,39.78,1.739396589418452
2009,1303,南亞,32.49,56.32,1.7334564481378885
2003,1319,東陽,20.33,35.22,1.7324151500245943
2009,2103,台橡,21.36,36.99,1.731741573033708
2009,2208,台船,15.95,27.48,1.722884012539185
2003,3007,綠點,25.63,44.14,1.722200546234881
2006,2308,台達電,44.9,77.29,1.7213808463251672
2003,2441,超豐,8.55,14.7,1.7192982456140349
2005,2430,燦坤,17.9,30.63,1.711173184357542
2006,2340,光磊,16.36,27.99,1.710880195599022
2007,1102,亞泥,22.63,38.71,1.7105612019443217
2005,2441,超豐,14.04,23.99,1.7086894586894588
2009,2014,中鴻,9.91,16.9,1.705348133198789
2009,2332,友訊,19.01,32.39,1.7038400841662282
2009,1301,台塑,37.31,63.57,1.7038327526132404
2006,2474,可成,109.89,186.62,1.6982436982436984
2007,1303,南亞,41.58,70.59,1.697691197691198
2006,1722,台肥,33.12,56.22,1.6974637681159421
2002,1326,台化,9.51,16.09,1.6919032597266035
2006,2605,新興,16.05,27.15,1.6915887850467288
2003,3019,亞光,76.2,128.82,1.6905511811023621
2006,5483,中美晶,35.21,59.38,1.6864527122976427
2002,2606,裕民,2.7,4.55,1.6851851851851851
2009,2308,台達電,57.26,96.35,1.6826755151938526
2004,1402,遠東新,10.16,17.06,1.6791338582677164
2003,1520,D 復盛,19.86,33.34,1.678751258811682
2003,2327,國巨,8.3,13.93,1.678313253012048
2002,2618,長榮航,12.53,20.98,1.6743814844373506
2003,2903,遠百,5.05,8.45,1.6732673267326732
2009,2504,國產,8.58,14.35,1.6724941724941724
2003,2382,廣達,26.34,43.97,1.6693242217160211
2005,1704,榮化,8.76,14.6,1.6666666666666667
2003,1440,南紡,5.12,8.5,1.66015625
2006,1103,嘉泥,11.33,18.8,1.6593115622241836
2003,2332,友訊,15.69,26.02,1.6583811344805608
2002,2609,陽明,4.32,7.14,1.6527777777777777
2001,1520,D 復盛,11.23,18.54,1.65093499554764
2004,5522,遠雄,11.86,19.54,1.6475548060708263
2004,1605,華新,7.93,13.06,1.6469104665825978
2003,1101,台泥,6.56,10.8,1.6463414634146343
2006,2002,中鋼,14.73,24.17,1.6408689748811949
1999,2342,茂矽,153.64,251.88,1.6394168185368394
2001,2908,特力,7.2,11.78,1.636111111111111
2009,2409,友達,23.76,38.8,1.6329966329966328
2009,1434,福懋,15.37,25.07,1.631099544567339
1999,2912,統一超,29.58,48.07,1.625084516565247
2004,2014,中鴻,10.64,17.26,1.6221804511278195
1999,2308,台達電,20.6,33.35,1.6189320388349515
2009,2325,矽品,24.96,40.39,1.6181891025641024
2009,5483,中美晶,50.3,81.27,1.6157057654075546
2007,1101,台泥,23.78,38.42,1.6156433978132885
2007,1326,台化,41.48,66.97,1.614513018322083
1999,3037,欣興,10.81,17.45,1.614246068455134
2003,2411,飛瑞,17.91,28.88,1.6125069793411502
2009,2395,研華,42.04,67.78,1.6122740247383445
2001,2341,英群,51.62,83.17,1.6111972103835723
2006,1434,福懋,11.78,18.97,1.6103565365025467
2003,1710,東聯,12.11,19.47,1.6077621800165152
2006,4906,正文,30.51,49.04,1.6073418551294656
2007,2475,華映,6.59,10.59,1.606980273141123
2006,1704,榮化,14.6,23.41,1.6034246575342466
2004,2015,豐興,15.12,24.24,1.6031746031746033
2003,5903,全家,19.98,31.97,1.6001001001001
2009,2323,中環,5.17,8.27,1.599613152804642
2003,1907,永豐餘,5.61,8.95,1.5953654188948305
2006,2707,晶華,142.06,226.36,1.593411234689568
2007,2603,長榮,17.16,27.33,1.5926573426573425
2006,2317,鴻海,85.14,135.58,1.592435987784825
2000,2707,晶華,33.12,52.69,1.5908816425120773
2009,2607,榮運,17.66,28.07,1.589467723669309
2000,9921,巨大,11.62,18.46,1.5886402753872635
2003,2454,聯發科,90.27,143.37,1.5882352941176472
2006,2371,大同,9.2,14.6,1.5869565217391306
2006,3035,智原,39.12,61.91,1.5825664621676891
2006,1605,華新,9.86,15.6,1.5821501014198784
2007,6121,新普,68.84,108.84,1.5810575246949448
2004,3007,綠點,44.14,69.71,1.5792931581332124
2009,2207,和泰,46.41,73.2,1.5772462831286362
2003,2002,中鋼,7.73,12.07,1.5614489003880982
1999,2357,華碩,231.8,361.65,1.5601811906816219
2006,1313,聯成,8.5,13.25,1.5588235294117647
2004,2501,國建,11.27,17.56,1.5581188997338065
2009,2002,中鋼,19.87,30.92,1.556114745848012
2003,9933,中鼎,10.66,16.57,1.5544090056285178
2002,1434,福懋,5.41,8.39,1.5508317929759705
2006,2607,榮運,11.24,17.43,1.550711743772242
2009,3443,創意,107.45,166.61,1.5505816658911122
1999,2373,震旦行,36.71,56.75,1.545900299645873
2002,1301,台塑,13.85,21.39,1.544404332129964
2003,1402,遠東新,6.58,10.16,1.5440729483282676
2007,2615,萬海,16.56,25.46,1.5374396135265702
1999,1326,台化,8.62,13.25,1.5371229698375872
2009,9933,中鼎,20.01,30.64,1.5312343828085957
2006,2103,台橡,11.38,17.41,1.5298769771528997
2006,1229,聯華,8.91,13.62,1.5286195286195285
1999,1905,華紙,8.84,13.5,1.5271493212669685
2003,2324,仁寶,16.92,25.81,1.5254137115839241
2003,1905,華紙,8.54,13.01,1.5234192037470726
2009,1210,大成,21.32,32.37,1.518292682926829
2007,3443,創意,124.07,188.24,1.5172080277262836
2005,3260,威剛,44.41,67.33,1.516099977482549
2003,8008,建興電,34.57,52.33,1.5137402371998843
2009,2605,新興,25.92,39.23,1.513503086419753
2005,5305,敦南,16.91,25.54,1.510348905972797
2005,2317,鴻海,56.38,85.14,1.510109968073785
2007,5522,遠雄,44.12,66.61,1.509746146872167
2003,2448,晶電,31.4,47.4,1.5095541401273886
2009,9921,巨大,56.39,85.03,1.5078914701188153
2002,9921,巨大,16.23,24.45,1.5064695009242144
2004,3044,健鼎,15.72,23.5,1.4949109414758268
2009,6182,合晶,39.06,58.3,1.4925755248335892
1999,1310,台苯,17.56,26.2,1.4920273348519364
2009,2023,燁輝,8.68,12.95,1.4919354838709677
2007,2384,勝華,29.22,43.5,1.48870636550308
2006,2377,微星,13.21,19.63,1.485995457986374
2007,2362,藍天,26.35,39.14,1.4853889943074003
2007,2448,晶電,86.95,128.93,1.4828062104657849
2006,2350,環電,9.33,13.83,1.482315112540193
2003,3037,欣興,11.87,17.59,1.481887110362258
2009,5608,四維航,28.19,41.76,1.481376374600922
1999,1605,華新,8.4,12.44,1.4809523809523808
2005,2356,英業達,8.5,12.57,1.4788235294117646
1999,2350,環電,24.92,36.82,1.4775280898876404
2004,2903,遠百,8.45,12.46,1.4745562130177516
2006,2606,裕民,21.63,31.76,1.4683310217290801
1999,1301,台塑,14.72,21.61,1.4680706521739129
2006,6202,盛群,33.07,48.49,1.4662836407620201
2001,3026,禾伸堂,20.83,30.45,1.4618338934229478
2004,2371,大同,8.6,12.55,1.4593023255813955
2003,2707,晶華,50.19,73.23,1.459055588762702
2007,1216,統一,22.89,33.38,1.4582787243337703
2009,1802,台玻,17.34,25.26,1.4567474048442908
2004,2002,中鋼,12.07,17.55,1.4540182270091135
2003,1409,新纖,5.2,7.56,1.4538461538461538
2004,2395,研華,31.76,46.17,1.4537153652392947
2005,3019,亞光,117.34,170.56,1.4535537753536731
2006,2451,創見,46.88,68.13,1.4532849829351535
2002,1451,年興,12.32,17.9,1.4529220779220777
2005,2103,台橡,7.84,11.38,1.451530612244898
2001,2485,兆赫,14.31,20.74,1.4493361285814115
2003,2207,和泰,18.57,26.89,1.448034464189553
2009,1216,統一,24.31,35.13,1.445084327437269
2004,2308,台達電,23.24,33.58,1.4449225473321858
2005,2301,光寶科,27.86,40.25,1.4447236180904524
1999,2391,合勤,14.17,20.47,1.4446012702893436
2007,3009,D 奇美電,28.1,40.59,1.4444839857651246
2007,2409,友達,36.92,53.31,1.4439328277356447
2001,9910,豐泰,7.15,10.32,1.4433566433566434
2007,2411,飛瑞,32.57,46.97,1.4421246545901136
2007,2385,群光,30.21,43.54,1.4412446209864282
2009,2377,微星,14.24,20.52,1.4410112359550562
2001,1722,台肥,9.27,13.34,1.4390507011866236
2003,2303,聯電,16.52,23.75,1.4376513317191284
2009,1504,東元,9.36,13.44,1.435897435897436
2001,2614,東森,2.92,4.19,1.4349315068493151
2009,2315,神達,11.58,16.55,1.4291882556131261
2007,1402,遠東新,23.67,33.8,1.4279678918462186
2006,1402,遠東新,16.59,23.67,1.4267631103074143
1999,1313,聯成,8.49,12.1,1.4252061248527679
2004,9921,巨大,23.09,32.88,1.4239930705933306
2001,2439,美律,20.0,28.45,1.4224999999999999
2006,2023,燁輝,8.47,12.04,1.4214876033057848
2003,1102,亞泥,6.46,9.17,1.4195046439628483
1999,2360,致茂,18.3,25.97,1.419125683060109
2007,2332,友訊,36.34,51.57,1.419097413318657
2002,1717,長興,6.61,9.38,1.4190620272314676
2006,3041,揚智,34.87,49.47,1.4186980212216806
2009,2707,晶華,258.24,366.31,1.4184866790582404
2006,6188,廣明,26.91,38.17,1.4184318097361577
2007,9921,巨大,36.24,51.37,1.417494481236203
2003,2357,華碩,122.97,174.29,1.4173375620069935
2002,1304,台聚,4.08,5.78,1.4166666666666667
2005,2912,統一超,35.6,50.42,1.4162921348314608
2006,3044,健鼎,59.86,84.67,1.4144670898763783
2009,3532,台勝科,61.09,86.3,1.4126698313963004
2005,2534,宏盛,10.36,14.61,1.4102316602316602
2003,2603,長榮,12.8,18.05,1.41015625
2003,2458,義隆,15.87,22.36,1.408947700063012
2003,5305,敦南,10.4,14.65,1.408653846153846
2004,6176,瑞儀,26.48,37.19,1.4044561933534743
2009,4906,正文,38.69,54.28,1.40294649780305
2007,1802,台玻,21.28,29.84,1.4022556390977443
2006,2356,英業達,12.57,17.61,1.4009546539379474
2003,2349,錸德,14.08,19.71,1.3998579545454546
2007,2393,億光,72.6,101.55,1.3987603305785126
2006,2614,東森,6.9,9.65,1.3985507246376812
1999,2002,中鋼,5.02,7.01,1.3964143426294822
2001,2353,宏碁,14.48,20.22,1.3964088397790053
2003,2350,環電,6.34,8.85,1.3958990536277602
2009,3045,台灣大,41.39,57.75,1.3952645566561972
1999,2324,仁寶,16.84,23.49,1.3948931116389547
2007,3231,緯創,31.1,43.34,1.3935691318327974
2006,2382,廣達,30.88,42.97,1.3915155440414508
2003,1722,台肥,11.88,16.53,1.3914141414141414
2004,3009,D 奇美電,21.22,29.52,1.3911404335532518
2005,2311,日月光,14.24,19.79,1.3897471910112358
2006,2408,南科,47.09,65.38,1.3884051815672116
2007,2605,新興,27.15,37.64,1.3863720073664827
2007,2002,中鋼,24.17,33.48,1.3851882498965657
2005,9917,中保,27.16,37.59,1.3840206185567012
2006,1503,士電,22.67,31.34,1.3824437582708424
2003,1304,台聚,5.78,7.99,1.3823529411764706
2004,1907,永豐餘,8.95,12.35,1.3798882681564246
2004,3034,聯詠,39.78,54.88,1.379587732528909
2002,2006,東鋼,4.3,5.93,1.3790697674418604
2006,2368,金像電,14.18,19.51,1.3758815232722146
2004,2412,中華電,27.71,38.09,1.3745940093828943
2000,5522,遠雄,16.84,23.14,1.3741092636579573
2007,1434,福懋,18.97,26.04,1.3726937269372694
2001,2323,中環,14.57,19.99,1.371997254632807
2007,2454,聯發科,254.2,348.43,1.3706923682140049
2007,3045,台灣大,32.13,44.02,1.370059134765017
2003,2317,鴻海,31.46,43.06,1.3687221869040052
2004,1102,亞泥,9.17,12.55,1.3685932388222466
2003,1103,嘉泥,12.87,17.57,1.3651903651903652
2005,1717,長興,10.17,13.86,1.3628318584070795
2007,2609,陽明,15.62,21.28,1.3623559539052499
2006,1101,台泥,17.5,23.78,1.358857142857143
2005,2357,華碩,223.47,303.4,1.3576766456347606
2007,3037,欣興,36.71,49.84,1.357668210296922
2001,2473,思源,25.76,34.88,1.3540372670807455
2003,1723,中碳,15.93,21.56,1.3534212178279974
2006,2395,研華,61.87,83.61,1.3513819298529175
2002,2707,晶華,37.14,50.19,1.351373182552504
2003,2006,東鋼,5.93,8.0,1.349072512647555
2009,9907,統一實,8.66,11.68,1.3487297921478059
2003,2376,技嘉,26.54,35.68,1.3443858327053504
2006,1303,南亞,30.94,41.58,1.343891402714932
2005,2395,研華,46.17,61.87,1.3400476499891703
2005,2308,台達電,33.58,44.9,1.3371054198927934
2003,1301,台塑,21.39,28.58,1.3361383824216924
2005,2908,特力,13.4,17.89,1.3350746268656717
2003,2451,創見,26.88,35.87,1.3344494047619047
2003,9917,中保,15.72,20.95,1.3326972010178115
2003,1216,統一,6.72,8.95,1.3318452380952381
2003,2352,佳世達,36.04,47.98,1.3312985571587126
2001,2360,致茂,8.64,11.5,1.3310185185185184
2003,3026,禾伸堂,20.47,27.23,1.3302393746946752
2007,1722,台肥,56.22,74.7,1.328708644610459
2004,1101,台泥,10.8,14.32,1.325925925925926
2009,1102,亞泥,26.23,34.6,1.3191002668699963
2005,3009,D 奇美電,29.52,38.93,1.3187669376693767
1999,2614,東森,7.22,9.52,1.3185595567867037
2007,2368,金像電,19.51,25.72,1.3182983085597129
2007,5531,鄉林,28.77,37.92,1.3180396246089678
2003,2526,大陸,6.17,8.12,1.3160453808752024
2005,2439,美律,45.64,59.97,1.3139789658194565
2000,1802,台玻,10.34,13.57,1.3123791102514508
2006,1907,永豐餘,9.12,11.96,1.31140350877193
2001,1716,永信,13.25,17.37,1.3109433962264152
2009,1503,士電,30.42,39.84,1.309664694280079
2004,2317,鴻海,43.06,56.38,1.309335810496981
2003,3035,智原,27.96,36.58,1.3082975679542201
2003,5522,遠雄,9.07,11.86,1.3076074972436602
2009,1101,台泥,24.4,31.88,1.3065573770491803
2005,2207,和泰,47.64,62.21,1.3058354324097396
2006,2402,毅嘉,24.45,31.89,1.3042944785276074
1999,1101,台泥,13.64,17.78,1.3035190615835777
2006,2332,友訊,27.88,36.34,1.3034433285509328
2004,2610,華航,16.37,21.31,1.3017715332926083
2006,2498,宏達電,209.45,272.26,1.2998806397708285
2005,6176,瑞儀,37.19,48.33,1.2995428878730841
2006,3008,大立光,404.62,525.68,1.299194305768375
2006,2344,華邦電,10.01,12.98,1.2967032967032968
2004,9917,中保,20.95,27.16,1.296420047732697
2007,2324,仁寶,21.83,28.3,1.2963811268896015
2004,3045,台灣大,22.12,28.67,1.296112115732369
2003,2615,萬海,12.1,15.68,1.2958677685950413
2003,1904,正隆,6.5,8.42,1.2953846153846154
2003,2384,勝華,13.78,17.81,1.2924528301886793
2007,2498,宏達電,272.26,351.44,1.2908249467420847
1999,2376,技嘉,32.08,41.4,1.2905236907730673
2002,1723,中碳,12.35,15.93,1.2898785425101216
2009,2371,大同,6.09,7.84,1.2873563218390804
2003,2473,思源,30.14,38.79,1.2869940278699403
2006,2393,億光,56.48,72.6,1.2854107648725213
2001,2388,威盛,180.97,232.56,1.285074874288556
2006,3231,緯創,24.21,31.1,1.2845931433292028
2002,2347,聯強,14.99,19.24,1.2835223482321547
2004,2357,華碩,174.29,223.47,1.2821733891789546
2006,3045,台灣大,25.06,32.13,1.282122905027933
2006,2325,矽品,29.22,37.46,1.2819986310746065
2002,1907,永豐餘,4.38,5.61,1.2808219178082192
2004,1802,台玻,14.62,18.71,1.2797537619699044
2003,9910,豐泰,12.49,15.96,1.277822257806245
2006,2495,普安,24.53,31.25,1.273950264981655
2005,2227,裕日車,82.96,105.68,1.273866923818708
2007,2439,美律,61.72,78.34,1.2692806221646145
2001,2347,聯強,11.81,14.99,1.2692633361558001
2004,1723,中碳,21.56,27.36,1.2690166975881263
2001,2324,仁寶,13.38,16.92,1.2645739910313902
2004,3006,晶豪科,35.79,45.25,1.2643196423582006
2001,2315,神達,8.65,10.93,1.2635838150289016
2007,1704,榮化,23.41,29.56,1.2627082443400255
2001,2303,聯電,27.33,34.47,1.261251372118551
2004,2515,中工,4.42,5.57,1.2601809954751133
2003,2388,威盛,77.87,98.06,1.2592782843200205
2009,5203,訊連,108.85,137.0,1.2586127698667893
2004,2384,勝華,17.81,22.4,1.257720381807973
2003,6116,彩晶,10.35,13.01,1.2570048309178745
2002,1102,亞泥,5.14,6.46,1.2568093385214008
2008,2707,晶華,205.49,258.24,1.2567034892208866
2004,2391,合勤,36.69,46.1,1.256473153447806
2004,2409,友達,25.11,31.54,1.2560732775786538
2003,2371,大同,6.85,8.6,1.2554744525547445
2003,5371,中光電,11.55,14.48,1.2536796536796537
2005,6139,亞翔,32.47,40.69,1.2531567600862334
2009,2498,宏達電,266.0,333.15,1.2524436090225564
2001,9917,中保,14.59,18.26,1.251542152159013
2005,2388,威盛,38.78,48.5,1.2506446621970086
2004,2315,神達,9.06,11.3,1.2472406181015452
2002,1101,台泥,5.26,6.56,1.247148288973384
2003,2392,正崴,25.37,31.61,1.245959795033504
2003,2475,華映,9.33,11.62,1.245444801714898
2004,1216,統一,8.95,11.11,1.241340782122905
1999,1304,台聚,10.25,12.72,1.2409756097560976
2009,2617,台航,35.48,44.02,1.240698985343856
1999,2381,華宇,75.92,94.09,1.2393308746048473
2005,2418,雅新,24.38,30.21,1.2391304347826089
2004,2607,榮運,9.88,12.24,1.2388663967611335
2006,8072,陞泰,83.64,103.59,1.238522238163558
2007,2915,潤泰全,21.05,26.02,1.236104513064133
2006,9917,中保,37.59,46.35,1.2330407023144452
2006,2392,正崴,67.85,83.63,1.2325718496683862
2007,2451,創見,68.13,83.96,1.23234991927198
2003,2015,豐興,12.27,15.12,1.2322738386308068
2007,2325,矽品,37.46,46.16,1.2322477309129738
2003,5478,智冠,43.67,53.78,1.2315090451110602
2007,2352,佳世達,26.64,32.8,1.231231231231231
2001,1710,東聯,3.47,4.27,1.2305475504322765
2009,2475,華映,3.34,4.11,1.2305389221556888
2005,9921,巨大,32.88,40.45,1.2302311435523114
2008,2607,榮運,14.36,17.66,1.2298050139275767
2006,2311,日月光,19.79,24.33,1.229408792319353
2005,1503,士電,18.45,22.67,1.2287262872628728
2005,2327,國巨,10.51,12.91,1.2283539486203616
2002,2610,華航,12.22,15.0,1.227495908346972
2001,5347,世界,15.49,19.01,1.2272433828276308
2003,2312,金寶,10.29,12.62,1.2264334305150633
2004,9910,豐泰,15.96,19.56,1.225563909774436
2002,1303,南亞,12.09,14.81,1.2249793217535154
2006,2105,正新,14.37,17.58,1.2233820459290188
2002,2908,特力,11.78,14.41,1.2232597623089985
2005,3035,智原,32.0,39.12,1.2225
2005,1101,台泥,14.32,17.5,1.2220670391061452
1999,2315,神達,17.4,21.23,1.2201149425287356
2007,8076,伍豐,162.55,198.22,1.2194401722546908
2001,3035,智原,37.11,45.22,1.2185394772298572
2009,2609,陽明,9.98,12.15,1.217434869739479
2003,2374,佳能,13.9,16.92,1.2172661870503598
2004,2408,南科,46.72,56.81,1.2159674657534247
2004,1434,福懋,8.84,10.74,1.2149321266968327
2009,2615,萬海,14.15,17.15,1.2120141342756183
2007,3189,景碩,71.98,87.24,1.2120033342595165
2004,2615,萬海,15.68,18.98,1.2104591836734695
2002,9910,豐泰,10.32,12.49,1.2102713178294573
2001,2501,國建,5.8,7.01,1.2086206896551723
2003,3010,華立,21.04,25.42,1.208174904942966
2005,2409,友達,31.54,38.08,1.2073557387444516
2000,2401,凌陽,46.69,56.34,1.206682373099165
2003,4904,遠傳,14.1,16.98,1.2042553191489362
2006,1301,台塑,33.0,39.74,1.2042424242424243
2006,2912,統一超,50.42,60.67,1.2032923443078143
2004,2534,宏盛,8.61,10.36,1.2032520325203253
2006,3311,閎暉,81.22,97.7,1.2029056882541247
2009,9917,中保,42.18,50.69,1.2017543859649122
2004,1326,台化,28.02,33.66,1.2012847965738758
2002,8008,建興電,28.8,34.57,1.2003472222222222
2004,2451,創見,35.87,42.94,1.197100641204349
2007,4904,遠傳,33.27,39.75,1.1947700631199278
2006,2441,超豐,23.99,28.6,1.1921634014172573
2007,2207,和泰,62.17,74.09,1.1917323467910568
2001,2317,鴻海,29.94,35.61,1.18937875751503
2003,2308,台達電,19.57,23.24,1.1875319366377106
2001,2105,正新,6.47,7.68,1.187017001545595
2007,2350,環電,13.83,16.41,1.1865509761388287
2007,2357,華碩,303.34,359.58,1.1854025186259642
2006,2615,萬海,13.98,16.56,1.184549356223176
2002,2374,佳能,11.74,13.9,1.1839863713798977
2005,2332,友訊,23.55,27.88,1.183864118895966
2006,2347,聯強,22.12,26.18,1.1835443037974682
2003,1605,華新,6.72,7.93,1.1800595238095237
2003,1310,台苯,22.05,25.98,1.1782312925170069
2006,2201,裕隆,30.81,36.29,1.177864329763064
2004,2618,長榮航,20.48,24.06,1.1748046875
2004,5371,中光電,14.48,17.01,1.1747237569060773
2004,2347,聯強,19.24,22.58,1.1735966735966736
2004,2353,宏碁,28.34,33.22,1.1721947776993649
2007,2379,瑞昱,86.16,100.95,1.171657381615599
2004,1904,正隆,8.42,9.86,1.171021377672209
2003,1802,台玻,12.49,14.62,1.1705364291433145
2006,3010,華立,41.21,48.23,1.170347003154574
2004,2603,長榮,18.05,21.12,1.170083102493075
2005,2331,精英,18.05,21.12,1.170083102493075
2007,2308,台達電,77.29,90.43,1.1700090567990684
2004,5903,全家,31.97,37.4,1.1698467313106038
2005,2345,智邦,13.83,16.15,1.167751265365148
2003,1313,聯成,8.62,10.06,1.1670533642691416
2002,2903,遠百,4.33,5.05,1.1662817551963047
2007,3044,健鼎,84.67,98.62,1.16475729301996
2002,2451,創見,23.09,26.88,1.1641403204850584
2003,1504,東元,7.32,8.51,1.1625683060109289
2004,2392,正崴,31.61,36.74,1.1622904144258146
2005,2903,遠百,12.46,14.43,1.1581059390048154
2003,2315,神達,7.84,9.06,1.1556122448979593
2007,2377,微星,19.63,22.68,1.1553744268976058
2009,2603,長榮,15.45,17.85,1.1553398058252429
2004,5305,敦南,14.65,16.91,1.1542662116040956
2007,1313,聯成,13.25,15.26,1.1516981132075472
2006,1802,台玻,18.51,21.28,1.1496488384656942
2007,2412,中華電,43.91,50.44,1.1487132771578228
2005,1722,台肥,28.84,33.12,1.1484049930651872
2003,2105,正新,14.93,17.14,1.1480241125251174
2001,2395,研華,28.75,32.99,1.1474782608695653
2003,2912,統一超,28.36,32.5,1.1459802538787025
2001,9925,新保,9.36,10.72,1.1452991452991454
2004,2029,盛餘,24.82,28.41,1.14464141821112
2006,2903,遠百,14.43,16.5,1.1434511434511434
1999,1504,東元,13.09,14.95,1.1420932009167304
2009,2104,中橡,28.63,32.68,1.1414600069856793
2003,3045,台灣大,19.38,22.12,1.1413828689370487
2005,1507,永大,14.29,16.31,1.1413575927221833
2006,2492,華新科,22.18,25.27,1.1393146979260595
2003,2391,合勤,32.21,36.69,1.1390872399875813
1999,2341,英群,100.68,114.68,1.1390544298768375
2004,1440,南紡,8.5,9.66,1.1364705882352941
2003,2401,凌陽,49.56,56.32,1.1364003228410007
2001,2356,英業達,8.79,9.98,1.1353811149032993
2007,3376,新日興,124.3,141.11,1.135237329042639
2007,5371,中光電,29.73,33.68,1.132862428523377
2007,2101,南港,26.76,30.31,1.1326606875934229
2005,2542,興富發,9.61,10.88,1.1321540062434965
2009,2618,長榮航,12.46,14.1,1.131621187800963
2005,9910,豐泰,19.56,22.13,1.1313905930470347
2001,2401,凌陽,56.34,63.73,1.1311679091231805
2004,1409,新纖,7.56,8.55,1.1309523809523812
2009,2912,統一超,65.08,73.53,1.129840196681008
2007,2912,統一超,60.67,68.45,1.1282347123784409
2006,2303,聯電,18.34,20.67,1.1270447110141768
2005,2350,環電,8.28,9.33,1.1268115942028987
2002,1802,台玻,11.09,12.49,1.1262398557258793
2007,3041,揚智,49.47,55.65,1.1249241964827168
2002,2384,勝華,12.25,13.78,1.1248979591836734
2003,2430,燦坤,19.96,22.39,1.1217434869739478
2003,1312,國喬,12.51,14.03,1.1215027977617906
2001,2618,長榮航,11.18,12.53,1.1207513416815742
2009,2412,中華電,54.13,60.56,1.1187881027156845
2003,2301,光寶科,22.82,25.53,1.1187554776511832
2006,3059,華晶科,33.23,37.11,1.1167619620824556
2001,5203,訊連,40.44,45.16,1.1167161226508406
2003,2395,研華,28.47,31.76,1.1155602388479102
2003,2381,華宇,19.88,22.17,1.1151911468812878
2003,1451,年興,17.9,19.95,1.1145251396648046
2004,1717,長興,9.13,10.17,1.1139101861993428
1999,2411,飛瑞,23.76,26.42,1.111952861952862
2000,2207,和泰,10.56,11.74,1.1117424242424243
2005,2312,金寶,10.16,11.29,1.1112204724409447
2004,2707,晶華,73.23,81.02,1.106377167827393
2007,2391,合勤,35.53,39.17,1.102448634956375
2002,2449,京元電,7.74,8.53,1.1020671834625322
2005,3007,綠點,69.71,76.82,1.1019939750394492
2009,4904,遠傳,32.58,35.79,1.0985267034990793
2003,2356,英業達,8.39,9.21,1.0977353992848629
2008,9921,巨大,51.37,56.39,1.097722406073584
2005,1434,福懋,10.74,11.78,1.0968342644320297
2000,2610,華航,16.66,18.27,1.0966386554621848
2008,9933,中鼎,18.25,20.01,1.0964383561643836
1999,1710,東聯,7.72,8.46,1.0958549222797929
2004,2912,統一超,32.5,35.6,1.0953846153846154
2007,2534,宏盛,15.65,17.14,1.0952076677316294
2003,2344,華邦電,14.64,16.01,1.0935792349726776
2004,1303,南亞,26.45,28.92,1.0933837429111533
2005,2451,創見,42.94,46.88,1.0917559385188635
2003,2610,華航,15.0,16.37,1.0913333333333335
2004,2301,光寶科,25.53,27.86,1.0912651782217
2007,2337,旺宏,10.68,11.64,1.0898876404494382
2006,2327,國巨,12.91,14.02,1.085979860573199
2007,8046,南電,164.9,179.04,1.085748938750758
2005,2385,群光,15.88,17.22,1.0843828715365238
2003,2029,盛餘,22.92,24.82,1.0828970331588132
2006,2401,凌陽,48.42,52.42,1.0826104915324246
2007,2027,大成鋼,27.06,29.27,1.0816703621581671
2006,4904,遠傳,30.79,33.27,1.0805456316986035
2006,2411,飛瑞,30.17,32.57,1.0795492210805435
2007,2371,大同,14.6,15.75,1.0787671232876712
2002,2526,大陸,5.72,6.17,1.0786713286713288
2007,2441,超豐,28.6,30.81,1.0772727272727272
2005,1301,台塑,30.65,33.0,1.0766721044045677
2007,5009,榮剛,39.67,42.64,1.0748676581799848
2002,2411,飛瑞,16.67,17.91,1.074385122975405
2004,1718,中纖,10.82,11.62,1.0739371534195932
2002,1503,士電,12.28,13.18,1.0732899022801303
2008,2412,中華電,50.44,54.13,1.073156225218081
2004,1301,台塑,28.58,30.65,1.0724282715185445
2002,1520,D 復盛,18.54,19.86,1.0711974110032363
2006,2534,宏盛,14.61,15.65,1.0711841204654347
2005,1303,南亞,28.92,30.94,1.06984785615491
2004,1451,年興,19.95,21.34,1.069674185463659
2007,2317,鴻海,135.58,144.84,1.0682991591680189
2006,2324,仁寶,20.44,21.83,1.0680039138943247
2005,1716,永信,21.82,23.24,1.065077910174152
2007,2340,光磊,27.99,29.81,1.0650232225794927
2003,2408,南科,44.0,46.72,1.0618181818181818
2004,2474,可成,29.43,31.24,1.0615018688413183
2003,2498,宏達電,25.21,26.74,1.0606902023006743
2007,2311,日月光,24.33,25.8,1.0604192355117141
2006,2301,光寶科,40.25,42.66,1.0598757763975155
2001,2342,茂矽,100.9,106.88,1.059266600594648
2003,2201,裕隆,28.54,30.23,1.0592151366503153
2001,2913,農林,11.66,12.35,1.0591766723842195
2004,9907,統一實,6.94,7.35,1.0590778097982707
2005,2401,凌陽,45.73,48.42,1.0588235294117647
2006,5347,世界,18.58,19.67,1.0586652314316471
1999,2313,華通,101.36,107.27,1.0583070244672454
2002,2412,中華電,25.28,26.74,1.057753164556962
2001,1103,嘉泥,6.15,6.5,1.056910569105691
2002,2301,光寶科,21.6,22.82,1.0564814814814814
2007,1503,士電,31.34,33.09,1.055839183152521
2007,5347,世界,19.67,20.74,1.0543975597356379
2003,1434,福懋,8.39,8.84,1.0536352800953515
2007,2301,光寶科,42.66,44.94,1.0534458509142053
2004,2614,東森,8.38,8.81,1.0513126491646778
2003,2377,微星,26.1,27.37,1.0486590038314176
2004,2105,正新,17.14,17.97,1.0484247374562425
2007,3293,鈊象,166.22,174.24,1.0482493081458308
1999,1904,正隆,6.28,6.57,1.0461783439490446
2004,2473,思源,38.79,40.53,1.0448569218870845
2004,2352,佳世達,47.98,50.09,1.0439766569403919
2000,2618,長榮航,10.72,11.18,1.042910447761194
2001,1903,士紙,26.47,27.6,1.0426898375519458
2003,9907,統一實,6.66,6.94,1.042042042042042
2004,2411,飛瑞,28.88,30.07,1.0412049861495845
2006,3037,欣興,35.3,36.71,1.0399433427762041
2009,2610,華航,10.92,11.35,1.0393772893772895
2005,4904,遠傳,29.63,30.79,1.039149510631117
2001,2606,裕民,2.6,2.7,1.0384615384615385
2003,2412,中華電,26.74,27.71,1.0362752430815259
2004,2475,華映,11.62,12.03,1.0352839931153184
2005,1520,D 復盛,33.17,34.31,1.0343684051854085
1999,1102,亞泥,10.93,11.29,1.0329368709972553
2004,1319,東陽,35.22,36.36,1.0323679727427597
2004,2609,陽明,19.17,19.77,1.031298904538341
2004,1304,台聚,7.99,8.24,1.0312891113892366
2004,1905,華紙,13.01,13.4,1.0299769408147579
2005,2201,裕隆,29.93,30.81,1.029401937854995
2006,2439,美律,59.97,61.72,1.0291812572953143
2007,3010,華立,48.23,49.59,1.0281982168774624
2001,1304,台聚,3.99,4.08,1.0225563909774436
1999,2332,友訊,22.48,22.93,1.020017793594306
2006,5305,敦南,25.54,26.01,1.0184025058731403
2002,1605,華新,6.6,6.72,1.0181818181818183
2005,2101,南港,15.05,15.32,1.0179401993355481
2007,9945,潤泰新,24.63,25.07,1.0178643930166464
2007,2353,宏碁,52.99,53.87,1.016606906963578
1999,1907,永豐餘,6.13,6.23,1.0163132137030997
2001,1319,東陽,9.03,9.16,1.0143964562569214
2006,2454,聯發科,250.95,254.2,1.0129507870093644
2007,1504,東元,13.78,13.95,1.0123367198838897
2005,2303,聯電,18.13,18.34,1.0115830115830116
2005,2324,仁寶,20.22,20.44,1.010880316518299
2007,1103,嘉泥,18.8,18.98,1.0095744680851064
2008,2104,中橡,28.36,28.63,1.0095204513399154
2007,9940,信義,42.5,42.89,1.0091764705882353
2006,2609,陽明,15.48,15.62,1.0090439276485788
2004,2103,台橡,7.77,7.84,1.0090090090090091
2008,9917,中保,41.83,42.18,1.008367200573751
2005,2411,飛瑞,30.07,30.17,1.0033255736614566
1999,1451,年興,21.68,21.72,1.0018450184501844
2005,2504,國產,7.26,7.27,1.0013774104683195
2003,2347,聯強,19.24,19.24,1.0
2004,2915,潤泰全,13.44,13.44,1.0
2002,2324,仁寶,16.92,16.92,1.0
2000,2609,陽明,7.25,7.25,1.0
2006,2357,華碩,303.4,303.34,0.9998022412656559
2006,2207,和泰,62.21,62.17,0.9993570165568236
2007,2618,長榮航,22.51,22.43,0.996446023989338
2007,2610,華航,20.95,20.86,0.9957040572792363
2004,1520,D 復盛,33.34,33.17,0.9949010197960407
2005,2391,合勤,46.1,45.85,0.9945770065075922
2005,1102,亞泥,12.55,12.48,0.9944223107569721
2004,1710,東聯,19.47,19.36,0.9943502824858758
2003,2204,中華,43.88,43.55,0.992479489516864
1999,1216,統一,11.57,11.47,0.9913569576490925
2006,6191,精成科,36.31,35.99,0.9911870008262187
2006,2312,金寶,11.29,11.18,0.9902568644818424
2004,2201,裕隆,30.23,29.93,0.9900760833608997
2005,1229,聯華,9.0,8.91,0.99
2005,1802,台玻,18.71,18.51,0.9893105291288081
2004,2908,特力,13.55,13.4,0.9889298892988929
2000,1216,統一,11.47,11.34,0.9886660854402789
1999,2603,長榮,13.03,12.88,0.9884881043745204
2007,3311,閎暉,97.7,96.56,0.988331627430911
2004,2106,建大,15.85,15.65,0.9873817034700316
2007,2323,中環,11.45,11.3,0.9868995633187774
2006,5371,中光電,30.16,29.73,0.9857427055702918
2007,3035,智原,61.91,60.97,0.9848166693587466
2000,2313,華通,107.27,105.64,0.9848046984245362
2008,5203,訊連,110.68,108.85,0.9834658474882543
2001,9945,潤泰新,5.36,5.27,0.9832089552238804
2004,1312,國喬,14.03,13.79,0.9828937990021382
2000,2308,台達電,33.35,32.72,0.9811094452773612
2007,9907,統一實,11.76,11.53,0.9804421768707483
2007,8299,群聯,129.47,126.93,0.9803815555727197
2005,2347,聯強,22.58,22.12,0.979627989371125
2003,2618,長榮航,20.98,20.48,0.9761677788369876
2005,2206,三陽,10.38,10.12,0.9749518304431598
2006,2323,中環,11.75,11.45,0.9744680851063829
2003,1717,長興,9.38,9.13,0.9733475479744137
2003,2313,華通,17.74,17.26,0.9729425028184895
2005,1402,遠東新,17.06,16.59,0.9724501758499414
2007,2542,興富發,20.63,20.04,0.9714008725157538
2006,2409,友達,38.08,36.92,0.9695378151260505
2005,2381,華宇,15.9,15.41,0.9691823899371069
2002,1402,遠東新,6.79,6.58,0.9690721649484536
1999,1513,中興電,6.38,6.18,0.9686520376175548
2001,2402,毅嘉,21.83,21.14,0.9683921209344939
2005,2352,佳世達,50.09,48.47,0.9676582152126172
2000,2379,瑞昱,36.36,35.13,0.9661716171617163
2006,2204,中華,28.66,27.65,0.9647592463363572
1999,9910,豐泰,11.75,11.33,0.9642553191489361
2005,1216,統一,11.11,10.71,0.9639963996399641
2006,1451,年興,15.91,15.27,0.9597737272155876
2001,2526,大陸,5.97,5.72,0.9581239530988275
2000,2615,萬海,8.11,7.75,0.9556103575832307
2007,3062,建漢,62.01,59.25,0.9554910498306725
2004,1504,東元,8.51,8.13,0.955346650998825
2004,1507,永大,14.96,14.29,0.9552139037433154
2004,2441,超豐,14.7,14.04,0.9551020408163265
2008,2912,統一超,68.45,65.08,0.9507669831994155
2003,3024,憶聲,20.42,19.4,0.950048971596474
1999,2340,光磊,41.79,39.7,0.9499880354151712
2001,1440,南紡,3.03,2.87,0.9471947194719473
2003,9921,巨大,24.45,23.09,0.9443762781186095
2002,2418,雅新,15.56,14.65,0.9415167095115681
2006,2363,矽統,38.37,36.12,0.9413604378420641
2003,2908,特力,14.41,13.55,0.9403192227619709
2008,3045,台灣大,44.02,41.39,0.9402544298046343
2001,1326,台化,10.12,9.51,0.9397233201581028
2006,9910,豐泰,22.13,20.74,0.9371893357433349
2004,2418,雅新,26.05,24.38,0.9358925143953934
2004,2350,環電,8.85,8.28,0.9355932203389831
2004,2337,旺宏,9.99,9.34,0.9349349349349348
2003,2915,潤泰全,14.38,13.44,0.9346314325452015
2000,2317,鴻海,32.06,29.94,0.9338739862757329
2004,2402,毅嘉,34.33,32.03,0.933003204194582
2000,2002,中鋼,7.01,6.53,0.9315263908701855
2004,3010,華立,25.42,23.62,0.9291896144767899
2005,2349,錸德,11.6,10.77,0.9284482758620689
2002,2430,燦坤,21.5,19.96,0.9283720930232559
2002,1504,東元,7.89,7.32,0.9277566539923955
2005,2473,思源,40.53,37.59,0.9274611398963731
2005,2495,普安,26.46,24.53,0.9270597127739985
2000,2603,長榮,12.88,11.91,0.9246894409937888
2006,2315,神達,33.51,30.93,0.9230080572963295
2004,2356,英業達,9.21,8.5,0.9229098805646037
2006,2603,長榮,18.6,17.16,0.9225806451612902
2007,2614,東森,9.65,8.9,0.922279792746114
2002,2402,毅嘉,21.14,19.49,0.9219489120151371
2005,1313,聯成,9.23,8.5,0.9209100758396532
2005,2376,技嘉,26.7,24.57,0.9202247191011236
1999,2368,金像電,26.19,24.08,0.919434898816342
2008,1503,士電,33.09,30.42,0.9193109700815956
2002,1216,統一,7.31,6.72,0.9192886456908345
2005,1504,東元,8.13,7.47,0.9188191881918818
2005,2607,榮運,12.24,11.24,0.9183006535947712
2004,1313,聯成,10.06,9.23,0.9174950298210736
2005,2524,京城,26.67,24.44,0.9163854518185227
2000,1434,福懋,8.85,8.11,0.9163841807909604
2004,3037,欣興,17.59,16.1,0.91529277998863
2007,3034,聯詠,103.13,94.22,0.9136041888878115
2004,3019,亞光,128.82,117.34,0.9108834031982612
2006,2353,宏碁,58.2,52.99,0.9104810996563574
2007,2707,晶華,226.36,205.49,0.907801731754727
2001,1717,長興,7.29,6.61,0.906721536351166
2007,2315,神達,30.93,28.04,0.9065632072421597
2004,2332,友訊,26.02,23.55,0.9050730207532668
2001,9907,統一實,3.26,2.95,0.9049079754601228
2002,2501,國建,7.01,6.34,0.9044222539229672
2007,5203,訊連,122.43,110.68,0.9040267908192436
2007,9917,中保,46.35,41.83,0.9024811218985975
2005,2377,微星,14.64,13.21,0.9023224043715847
2007,1907,永豐餘,11.96,10.78,0.9013377926421403
2005,2605,新興,17.81,16.05,0.901179112857945
2001,2411,飛瑞,18.5,16.67,0.9010810810810812
2007,2014,中鴻,16.86,15.17,0.8997627520759194
2001,9933,中鼎,6.21,5.58,0.8985507246376812
2001,1503,士電,13.69,12.28,0.8970051132213295
2006,2331,精英,21.12,18.93,0.8963068181818181
2006,9921,巨大,40.45,36.24,0.8959208899876391
2002,2385,群光,14.3,12.81,0.8958041958041958
2002,2328,廣宇,14.36,12.86,0.8955431754874652
2005,2382,廣達,34.53,30.88,0.8942948161019403
2005,2204,中華,32.05,28.66,0.8942277691107645
2003,1507,永大,16.73,14.96,0.8942020322773461
2002,2352,佳世達,40.31,36.04,0.8940709501364424
2001,2371,大同,11.8,10.55,0.8940677966101696
2007,2312,金寶,11.18,9.98,0.892665474060823
2002,1722,台肥,13.34,11.88,0.8905547226386807
2001,2337,旺宏,35.67,31.72,0.8892626857303055
1999,2606,裕民,4.02,3.57,0.8880597014925373
2002,1716,永信,17.37,15.39,0.8860103626943004
2001,1907,永豐餘,4.95,4.38,0.8848484848484848
2006,2418,雅新,30.21,26.7,0.8838133068520357
2001,2201,裕隆,12.36,10.92,0.883495145631068
2002,2317,鴻海,35.61,31.46,0.883459702330806
2007,8078,華寶,74.71,65.95,0.8827466202650249
2007,8008,建興電,25.33,22.31,0.8807737860244769
2005,2603,長榮,21.12,18.6,0.8806818181818182
2003,2106,建大,18.01,15.85,0.8800666296501942
2001,9921,巨大,18.46,16.23,0.8791982665222101
2007,6176,瑞儀,36.33,31.91,0.8783374621524911
2003,2489,瑞軒,15.44,13.56,0.8782383419689119
2000,1716,永信,15.11,13.25,0.8769027134348114
2005,3049,和鑫,16.78,14.69,0.8754469606674612
2004,3035,智原,36.58,32.0,0.8747949699289229
2005,3045,台灣大,28.67,25.06,0.8740844087896755
2002,1903,士紙,27.6,24.1,0.8731884057971014
2001,1451,年興,14.12,12.32,0.8725212464589236
1999,2430,燦坤,16.83,14.68,0.8722519310754605
2005,2606,裕民,24.8,21.63,0.8721774193548386
2006,2349,錸德,10.77,9.39,0.871866295264624
2007,6191,精成科,35.99,31.35,0.8710752986940817
2007,2511,太子,18.56,16.16,0.8706896551724138
1999,2356,英業達,23.67,20.56,0.8686100549218418
2007,2023,燁輝,12.04,10.45,0.8679401993355482
1999,2610,華航,19.2,16.66,0.8677083333333334
2002,2473,思源,34.88,30.14,0.864105504587156
2004,2495,普安,30.64,26.46,0.8635770234986945
2007,2376,技嘉,20.74,17.9,0.863066538090646
2002,2395,研華,32.99,28.47,0.8629887844801454
2002,2354,鴻準,14.29,12.33,0.8628411476557033
2000,2105,正新,7.51,6.47,0.8615179760319573
2002,9917,中保,18.26,15.72,0.8608981380065717
2003,2345,智邦,26.95,23.19,0.8604823747680891
2003,2363,矽統,45.02,38.73,0.8602843180808528
2007,2504,國產,14.64,12.59,0.8599726775956283
2005,1319,東陽,36.36,31.22,0.8586358635863586
2006,1520,D 復盛,34.31,29.31,0.8542698921597202
2007,2204,中華,27.65,23.58,0.8528028933092224
2007,2303,聯電,20.67,17.61,0.8519593613933235
2005,1729,必翔,52.5,44.61,0.8497142857142858
2000,3035,智原,43.75,37.11,0.8482285714285714
2002,5522,遠雄,10.71,9.07,0.8468720821661998
2004,2454,聯發科,143.37,121.41,0.8468298807281858
2005,5522,遠雄,19.54,16.53,0.8459570112589561
2004,2325,矽品,17.7,14.97,0.8457627118644069
2008,2382,廣達,36.22,30.61,0.8451131971286582
2006,2376,技嘉,24.57,20.74,0.8441188441188441
2002,2312,金寶,12.2,10.29,0.8434426229508196
2007,2382,廣達,42.97,36.22,0.842913660693507
1999,2707,晶華,39.32,33.12,0.842319430315361
2002,3019,亞光,90.61,76.2,0.8409667807085311
2002,2356,英業達,9.98,8.39,0.8406813627254509
2005,2002,中鋼,17.55,14.73,0.8393162393162393
2004,3026,禾伸堂,27.23,22.79,0.8369445464561145
2002,2489,瑞軒,18.47,15.44,0.8359501894964808
2007,1605,華新,15.6,13.02,0.8346153846153846
2005,1103,嘉泥,13.62,11.33,0.8318649045521292
2008,2023,燁輝,10.45,8.68,0.830622009569378
2005,2408,南科,56.81,47.09,0.8289033620841402
2007,9933,中鼎,22.04,18.25,0.8280399274047188
2007,2104,中橡,34.26,28.36,0.8277875072971396
2005,1905,華紙,13.4,11.06,0.8253731343283582
2001,1303,南亞,14.65,12.09,0.8252559726962457
2007,2607,榮運,17.43,14.36,0.8238668961560528
2000,2903,遠百,7.24,5.96,0.8232044198895028
2007,1440,南紡,14.23,11.68,0.8208011243851019
2001,2006,東鋼,5.24,4.3,0.8206106870229007
2008,4904,遠傳,39.75,32.58,0.8196226415094339
2000,1301,台塑,21.61,17.7,0.8190652475705692
2001,1802,台玻,13.57,11.09,0.817243920412675
2007,2201,裕隆,36.29,29.62,0.8162028106916507
1999,1718,中纖,5.71,4.66,0.8161120840630474
2003,2379,瑞昱,74.35,60.38,0.812104909213181
2004,2401,凌陽,56.32,45.73,0.8119673295454545
1999,1802,台玻,12.75,10.34,0.8109803921568627
2006,2313,華通,18.27,14.8,0.8100711548987412
2003,3006,晶豪科,44.23,35.79,0.80917929007461
2006,8008,建興電,31.34,25.33,0.8082322910019144
2007,2342,茂矽,58.74,47.45,0.8077970718420157
2006,2227,裕日車,105.68,85.34,0.8075321725965178
2004,6116,彩晶,13.01,10.5,0.8070714834742506
2007,1717,長興,30.71,24.76,0.8062520351676978
2007,2349,錸德,9.39,7.57,0.8061767838125665
2005,2915,潤泰全,13.44,10.83,0.8058035714285715
2004,2312,金寶,12.62,10.16,0.8050713153724248
2002,2912,統一超,35.26,28.36,0.8043108338060125
2004,6139,亞翔,40.38,32.47,0.8041109460128776
2005,2344,華邦電,12.45,10.01,0.8040160642570281
1999,1229,聯華,9.59,7.69,0.8018769551616267
2006,8078,華寶,93.17,74.71,0.8018675539336696
2002,2308,台達電,24.42,19.57,0.8013923013923013
2002,5305,敦南,13.0,10.4,0.8
2007,2206,三陽,20.43,16.34,0.7998042094958394
2005,2105,正新,17.97,14.37,0.7996661101836394
2004,2430,燦坤,22.39,17.9,0.7994640464493077
2002,3010,華立,26.34,21.04,0.7987851176917236
1999,1409,新纖,10.45,8.31,0.7952153110047848
2000,1907,永豐餘,6.23,4.95,0.7945425361155698
2007,3367,英華達,55.67,44.22,0.7943236931920243
2005,2475,華映,12.03,9.55,0.7938487115544474
2005,1304,台聚,8.24,6.54,0.7936893203883495
2007,2354,鴻準,251.75,199.6,0.792850049652433
2004,9933,中鼎,16.57,13.12,0.7917923958961979
2007,2401,凌陽,52.42,41.37,0.7892025944296069
1999,2526,大陸,10.38,8.19,0.7890173410404623
2007,2492,華新科,25.27,19.88,0.7867036011080332
2007,2408,南科,65.38,51.38,0.7858672376873662
2004,2382,廣達,43.97,34.53,0.7853081646577212
2007,2474,可成,186.62,146.37,0.7843210802700675
2004,2324,仁寶,25.81,20.22,0.7834172801239829
2005,2614,東森,8.81,6.9,0.7832009080590239
2005,2609,陽明,19.77,15.48,0.7830045523520486
2001,1301,台塑,17.7,13.85,0.7824858757062148
2001,2207,和泰,11.74,9.17,0.7810902896081772
2000,1513,中興電,6.18,4.82,0.7799352750809062
2004,8008,建興電,52.33,40.71,0.7779476399770686
2002,2401,凌陽,63.73,49.56,0.7776557351325907
2004,2344,華邦電,16.01,12.45,0.7776389756402248
1999,2105,正新,9.66,7.51,0.7774327122153208
2004,1103,嘉泥,17.57,13.62,0.7751849743881616
2006,2391,合勤,45.85,35.53,0.774918211559433
2007,2327,國巨,14.02,10.86,0.7746077032810271
2005,9907,統一實,7.35,5.69,0.7741496598639457
2000,2301,光寶科,11.27,8.71,0.7728482697426798
2002,3045,台灣大,25.09,19.38,0.7724192905540056
2005,8008,建興電,40.71,31.34,0.7698354212724147
2001,2412,中華電,32.85,25.28,0.769558599695586
2000,2391,合勤,20.47,15.72,0.7679531021006352
2000,1319,東陽,11.77,9.03,0.7672047578589635
2008,1210,大成,27.82,21.32,0.7663551401869159
2000,1326,台化,13.25,10.12,0.7637735849056603
2004,2303,聯電,23.75,18.13,0.7633684210526316
2005,2402,毅嘉,32.03,24.45,0.7633468623165781
2000,1704,榮化,7.38,5.61,0.7601626016260163
1999,1319,東陽,15.52,11.77,0.7583762886597938
2008,2498,宏達電,351.44,266.0,0.756885954928295
2005,1605,華新,13.06,9.86,0.7549770290964777
2000,1504,東元,14.95,11.28,0.7545150501672241
2004,2327,國巨,13.93,10.51,0.7544867193108399
2000,9933,中鼎,8.24,6.21,0.7536407766990291
2002,2353,宏碁,20.22,15.21,0.7522255192878339
2004,1310,台苯,25.98,19.54,0.75211701308699
1999,2534,宏盛,16.78,12.62,0.7520858164481524
2006,6176,瑞儀,48.33,36.33,0.7517070142768467
2008,2617,台航,47.2,35.48,0.7516949152542372
2000,1605,華新,12.44,9.35,0.7516077170418006
2005,4906,正文,40.61,30.51,0.7512927850283182
2008,9907,統一實,11.53,8.66,0.751084128360798
2000,2337,旺宏,47.54,35.67,0.7503155237694573
2007,3474,華亞科,33.65,25.22,0.749479940564636
1999,2206,三陽,19.29,14.44,0.7485743908761017
2004,2376,技嘉,35.68,26.7,0.7483183856502242
2003,2331,精英,33.08,24.74,0.7478839177750907
2000,1503,士電,18.31,13.69,0.7476788640087384
2001,2308,台達電,32.72,24.42,0.7463325183374084
2005,1451,年興,21.34,15.91,0.7455482661668229
2007,2328,廣宇,84.9,63.14,0.743698468786808
2000,2501,國建,7.8,5.8,0.7435897435897436
2000,1102,亞泥,11.29,8.39,0.7431355181576618
2001,2368,金像電,11.39,8.46,0.7427568042142231
2005,1907,永豐餘,12.35,9.12,0.7384615384615384
1999,2903,遠百,9.82,7.24,0.7372708757637475
2005,2615,萬海,18.98,13.98,0.7365648050579557
2004,2204,中華,43.55,32.05,0.7359357060849598
2000,2015,豐興,6.26,4.6,0.7348242811501597
2005,2371,大同,12.55,9.2,0.7330677290836652
1999,2106,建大,14.46,10.59,0.7323651452282157
2008,2353,宏碁,53.87,39.45,0.7323185446445146
2007,2356,英業達,17.61,12.88,0.7314026121521863
2000,1904,正隆,6.57,4.8,0.730593607305936
2004,2331,精英,24.74,18.05,0.7295877122069524
2000,2526,大陸,8.19,5.97,0.7289377289377289
2004,2311,日月光,19.54,14.24,0.7287615148413511
2000,2606,裕民,3.57,2.6,0.7282913165266107
2008,1216,統一,33.38,24.31,0.7282804074295984
2007,3008,大立光,525.68,382.7,0.7280094353979608
2005,1409,新纖,8.55,6.22,0.727485380116959
2002,5434,崇越,45.88,33.36,0.7271142109851787
2001,2903,遠百,5.96,4.33,0.7265100671140939
2008,2395,研華,58.2,42.04,0.7223367697594502
2006,3009,D 奇美電,38.93,28.1,0.7218083740046237
2008,5608,四維航,39.24,28.19,0.7183995922528033
2005,9933,中鼎,13.12,9.42,0.7179878048780488
2002,2315,神達,10.93,7.84,0.717291857273559
2004,2381,華宇,22.17,15.9,0.7171853856562922
1999,2362,藍天,15.83,11.35,0.7169930511686671
2005,2323,中環,16.4,11.75,0.7164634146341464
1999,1503,士電,25.56,18.31,0.7163536776212832
2004,2379,瑞昱,60.38,43.22,0.7157999337528983
2005,8069,元太,16.54,11.82,0.7146311970979444
1999,1440,南紡,9.55,6.82,0.7141361256544503
2003,2337,旺宏,14.01,9.99,0.7130620985010707
2008,1723,中碳,61.95,44.15,0.7126715092816788
2002,2454,聯發科,126.8,90.27,0.7119085173501577
2008,2915,潤泰全,26.02,18.52,0.7117601844734819
2002,2379,瑞昱,105.04,74.35,0.7078255902513327
2001,1605,華新,9.35,6.6,0.7058823529411764
2001,2707,晶華,52.69,37.14,0.7048775858796736
2000,2411,飛瑞,26.42,18.5,0.700227100681302
2001,1504,東元,11.28,7.89,0.699468085106383
2002,5471,松翰,40.02,27.92,0.6976511744127936
2005,2015,豐興,24.24,16.89,0.6967821782178218
2007,2395,研華,83.61,58.2,0.6960889845712236
2007,2344,華邦電,12.98,8.99,0.6926040061633282
2006,2475,華映,9.55,6.59,0.6900523560209424
2006,3019,亞光,170.56,117.63,0.6896693245778611
2006,2384,勝華,42.43,29.22,0.68866368135753
2008,2605,新興,37.64,25.92,0.6886291179596175
2005,1310,台苯,19.54,13.4,0.6857727737973388
2007,3019,亞光,117.63,80.5,0.6843492306384426
2004,2449,京元電,18.64,12.73,0.6829399141630901
2006,3367,英華達,81.56,55.67,0.6825649828347229
2007,2392,正崴,83.63,57.01,0.6816931723065885
2008,2504,國產,12.59,8.58,0.6814932486100079
2007,2526,大陸,23.25,15.84,0.6812903225806451
2008,1102,亞泥,38.71,26.23,0.6776026866442779
1999,2101,南港,35.45,23.98,0.6764456981664315
2008,1722,台肥,74.7,50.49,0.6759036144578313
1999,9907,統一實,9.44,6.38,0.6758474576271186
2005,3006,晶豪科,45.25,30.49,0.6738121546961325
2008,9945,潤泰新,25.07,16.88,0.6733147187873952
2002,3026,禾伸堂,30.45,20.47,0.6722495894909688
2008,1504,東元,13.95,9.36,0.6709677419354839
2007,2449,京元電,21.23,14.23,0.6702779086198776
2007,2501,國建,20.96,14.02,0.6688931297709924
2001,2610,華航,18.27,12.22,0.668856048166393
2008,2451,創見,83.96,56.1,0.6681753215817057
1999,2615,萬海,12.15,8.11,0.6674897119341563
2001,1434,福懋,8.11,5.41,0.6670776818742294
2005,1440,南紡,9.66,6.43,0.665631469979296
2004,2323,中環,24.71,16.4,0.6636989073249696
2001,2615,萬海,7.75,5.12,0.6606451612903226
2002,2323,中環,19.99,13.11,0.6558279139569785
2008,2014,中鴻,15.17,9.91,0.6532630191166776
2002,3041,揚智,41.93,27.35,0.6522776055330313
2000,1451,年興,21.72,14.12,0.6500920810313076
2008,1103,嘉泥,18.98,12.33,0.6496311907270811
2002,2371,大同,10.55,6.85,0.6492890995260663
1999,1903,士紙,76.27,49.52,0.6492723220138981
1999,2207,和泰,16.34,10.56,0.6462668298653611
2001,1216,統一,11.34,7.31,0.644620811287478
2000,2395,研華,44.96,28.75,0.6394572953736655
2002,3037,欣興,18.57,11.87,0.6392030156165859
1999,2913,農林,87.88,56.06,0.6379153390987711
2005,2029,盛餘,28.41,18.06,0.6356916578669483
2008,1101,台泥,38.42,24.4,0.6350858927641853
2008,2308,台達電,90.43,57.26,0.6331969479155147
2008,2337,旺宏,11.64,7.37,0.6331615120274914
2008,2103,台橡,33.79,21.36,0.6321396862977212
2000,9910,豐泰,11.33,7.15,0.6310679611650486
2002,2392,正崴,40.27,25.37,0.6299975167618574
2008,2105,正新,31.31,19.71,0.6295113382305974
2008,2377,微星,22.68,14.24,0.6278659611992945
2002,2311,日月光,16.54,10.38,0.6275695284159614
2008,3293,鈊象,174.24,109.21,0.626779155188246
2008,2207,和泰,74.09,46.41,0.6264003239303549
2004,2393,億光,34.49,21.6,0.6262684836184401
2007,2331,精英,18.93,11.81,0.6238774432118331
1999,2515,中工,9.08,5.65,0.6222466960352423
2002,3035,智原,45.22,27.96,0.6183104820875719
2004,3008,大立光,206.6,127.47,0.6169893514036786
2008,1907,永豐餘,10.78,6.65,0.6168831168831169
2000,2392,正崴,32.37,19.96,0.616620327463701
2008,1704,榮化,29.56,18.11,0.6126522327469553
2001,1102,亞泥,8.39,5.14,0.6126340882002383
2000,2473,思源,42.13,25.76,0.6114407785426063
2002,2381,華宇,32.57,19.88,0.6103776481424623
2008,2385,群光,43.54,26.57,0.6102434542949012
2004,3231,緯創,14.52,8.83,0.6081267217630855
1999,1507,永大,18.42,11.17,0.6064060803474484
2008,2312,金寶,9.98,6.05,0.6062124248496994
2004,2385,群光,26.23,15.88,0.6054136484940907
2008,2362,藍天,39.14,23.69,0.6052631578947368
2002,2458,義隆,26.33,15.87,0.602734523357387
2000,1303,南亞,24.31,14.65,0.6026326614561909
2008,1313,聯成,15.26,9.18,0.601572739187418
2001,2603,長榮,11.91,7.11,0.5969773299748111
2004,2345,智邦,23.19,13.83,0.5963777490297542
1999,2103,台橡,9.09,5.42,0.5962596259625963
2001,2609,陽明,7.25,4.32,0.5958620689655173
2008,1402,遠東新,33.8,20.12,0.5952662721893492
2008,3005,神基,21.8,12.97,0.594954128440367
2000,1229,聯華,7.69,4.57,0.5942782834850455
2008,2002,中鋼,33.48,19.87,0.593488649940263
2002,2344,華邦電,24.8,14.64,0.5903225806451613
2008,1434,福懋,26.04,15.37,0.5902457757296466
2004,1729,必翔,89.16,52.5,0.5888290713324361
2004,2349,錸德,19.71,11.6,0.5885337392186707
2001,1402,遠東新,11.58,6.79,0.5863557858376511
2004,2313,華通,17.26,10.12,0.5863267670915411
2008,2612,中航,73.84,43.28,0.5861321776814734
2008,1785,光洋科,55.11,32.19,0.5841045182362548
2008,2376,技嘉,17.9,10.44,0.5832402234636872
1999,2204,中華,28.19,16.41,0.5821213196168854
2008,1802,台玻,29.84,17.34,0.5810991957104558
2002,2408,南科,75.76,44.0,0.5807814149947201
1999,9921,巨大,20.02,11.62,0.5804195804195804
2007,2227,裕日車,85.34,49.43,0.5792125615186313
2008,2454,聯發科,348.43,201.29,0.5777057084636799
2000,2029,盛餘,11.56,6.67,0.5769896193771626
2001,1101,台泥,9.14,5.26,0.5754923413566739
2002,2332,友訊,27.37,15.69,0.5732553891121666
2008,3443,創意,188.24,107.45,0.5708138546536337
2007,2363,矽統,36.12,20.59,0.5700442967884829
2002,6116,彩晶,18.16,10.35,0.5699339207048458
2008,2542,興富發,20.04,11.42,0.5698602794411178
2000,2324,仁寶,23.49,13.38,0.5696040868454663
2000,2430,燦坤,14.68,8.34,0.5681198910081744
2008,6121,新普,108.84,61.81,0.5678978316795296
1999,2501,國建,13.74,7.8,0.5676855895196506
2007,3227,原相,364.31,206.24,0.5661112788559194
2008,2603,長榮,27.33,15.45,0.5653128430296378
1999,9933,中鼎,14.6,8.24,0.5643835616438356
2004,2363,矽統,38.73,21.85,0.5641621482055255
2008,2392,正崴,57.01,32.16,0.5641115593755481
2008,2349,錸德,7.57,4.26,0.5627476882430646
2008,2356,英業達,12.88,7.21,0.5597826086956521
2008,2441,超豐,30.81,17.21,0.5585848750405713
2008,2615,萬海,25.46,14.15,0.5557737627651218
2008,2618,長榮航,22.43,12.46,0.555506018724922
2008,6176,瑞儀,31.91,17.65,0.5531181447821999
2006,2352,佳世達,48.47,26.64,0.549618320610687
2002,2325,矽品,15.72,8.6,0.5470737913486005
2002,2376,技嘉,48.89,26.54,0.5428512988341174
2005,2023,燁輝,15.64,8.47,0.5415601023017903
2008,8008,建興電,22.31,12.07,0.5410129986553116
2008,2325,矽品,46.16,24.96,0.5407279029462739
2008,2526,大陸,15.84,8.55,0.5397727272727273
2002,5371,中光電,21.43,11.55,0.5389640690620626
2008,1717,長興,24.76,13.29,0.5367528271405492
2008,1326,台化,66.97,35.91,0.5362102433925638
2004,2377,微星,27.37,14.64,0.5348922177566678
2000,1903,士紙,49.52,26.47,0.5345315024232633
2008,2324,仁寶,28.3,15.1,0.5335689045936396
2008,1440,南紡,11.68,6.21,0.5316780821917808
2008,1301,台塑,70.68,37.31,0.5278720996038483
2000,1905,華紙,13.5,7.11,0.5266666666666667
2001,2373,震旦行,24.99,13.16,0.5266106442577031
2008,2610,華航,20.86,10.92,0.5234899328859061
2008,1304,台聚,16.35,8.55,0.5229357798165137
2008,2059,川湖,150.67,78.58,0.5215371341342006
2008,2903,遠百,32.9,17.07,0.5188449848024317
2008,3227,原相,206.24,106.68,0.5172614429790535
2000,1101,台泥,17.78,9.14,0.5140607424071991
2000,9907,統一實,6.38,3.26,0.5109717868338558
2000,2332,友訊,22.93,11.62,0.5067597034452682
2000,2303,聯電,54.04,27.33,0.5057364914877868
2002,2377,微星,51.61,26.1,0.5057159465219919
2000,1312,國喬,19.35,9.73,0.5028423772609819
2002,2349,錸德,28.06,14.08,0.5017818959372773
2008,2449,京元電,14.23,7.12,0.500351370344343
2008,3008,大立光,382.7,191.47,0.5003135615364516
2008,2606,裕民,66.79,33.15,0.4963317861955382
2002,2345,智邦,54.31,26.95,0.4962253728595102
2008,2501,國建,14.02,6.95,0.4957203994293866
2000,2489,瑞軒,11.44,5.67,0.4956293706293706
2008,1605,華新,13.02,6.36,0.4884792626728111
2000,2382,廣達,51.58,25.17,0.48797983714618076
2002,2303,聯電,34.47,16.52,0.4792573252103278
2008,2347,聯強,55.77,26.69,0.47857270934194013
2008,2331,精英,11.81,5.65,0.47840812870448773
2000,1722,台肥,19.48,9.27,0.4758726899383983
2002,5347,世界,19.01,9.03,0.4750131509731719
1999,1716,永信,31.84,15.11,0.4745603015075377
2000,2368,金像電,24.08,11.39,0.47300664451827246
2008,2201,裕隆,29.62,13.93,0.4702903443619176
2008,2350,環電,16.41,7.7,0.4692260816575259
2008,2609,陽明,21.28,9.98,0.46898496240601506
2008,3376,新日興,141.11,66.13,0.4686414853660264
2008,3019,亞光,80.5,37.58,0.46683229813664595
2008,3231,緯創,43.34,20.22,0.4665436086755883
2001,5522,遠雄,23.14,10.71,0.4628349178910977
2000,2106,建大,10.59,4.9,0.4627006610009443
2002,2363,矽統,97.68,45.02,0.4608927108927109
2008,1303,南亞,70.59,32.49,0.4602634934126647
2008,2323,中環,11.3,5.17,0.45752212389380525
2008,2101,南港,30.31,13.8,0.4552952820851205
2007,2388,威盛,95.0,42.99,0.4525263157894737
2000,2341,英群,114.68,51.62,0.4501220788280432
2008,2374,佳能,40.32,18.12,0.4494047619047619
2008,5371,中光電,33.68,15.09,0.44804038004750596
2008,2409,友達,53.31,23.76,0.445694991558807
2000,1440,南紡,6.82,3.03,0.44428152492668616
2008,3702,大聯大,27.97,12.4,0.4433321415802646
2000,2492,華新科,36.41,16.14,0.44328481186487234
2001,2313,華通,105.64,46.69,0.44197273759939415
2002,2337,旺宏,31.72,14.01,0.4416771752837327
2000,2373,震旦行,56.75,24.99,0.44035242290748894
2008,2357,華碩,359.58,157.83,0.43892875020857675
2008,9940,信義,42.89,18.75,0.4371648402891117
2008,2388,威盛,42.99,18.58,0.4321935333798557
2008,2391,合勤,39.17,16.82,0.4294102629563441
2008,2301,光寶科,44.94,19.29,0.42923898531375165
2000,2356,英業達,20.56,8.79,0.4275291828793774
2002,2331,精英,77.93,33.08,0.42448351084306424
2008,2601,益航,64.32,27.26,0.4238184079601991
2008,2006,東鋼,44.62,18.79,0.4211116091438817
2008,8131,福懋科,48.62,20.39,0.4193747429041547
2008,2485,兆赫,78.83,32.99,0.4184954966383357
2008,2315,神達,28.04,11.58,0.41298145506419404
2003,2342,茂矽,31.3,12.89,0.41182108626198083
2008,3532,台勝科,148.82,61.09,0.41049590108856343
2000,1710,東聯,8.46,3.47,0.4101654846335697
2008,2303,聯電,17.61,7.18,0.4077228847245883
2000,2315,神達,21.23,8.65,0.4074422986340085
2008,3367,英華達,44.22,17.91,0.4050203527815468
2007,1736,喬山,180.46,72.98,0.40441094979496844
2000,2357,華碩,361.65,145.92,0.40348403152219
2000,2340,光磊,39.7,15.95,0.4017632241813602
2008,2311,日月光,25.8,10.34,0.4007751937984496
2000,2342,茂矽,251.88,100.9,0.4005875813879626
2008,3035,智原,60.97,24.27,0.39806462194521897
2004,2388,威盛,98.06,38.78,0.3954721599021008
2008,2393,億光,101.55,39.83,0.39222058099458396
2008,2371,大同,15.75,6.09,0.38666666666666666
2008,1710,東聯,31.77,12.23,0.3849543594586088
2002,2350,環電,16.53,6.34,0.3835450695704779
2008,2317,鴻海,144.84,55.35,0.38214581607290804
2002,2313,華通,46.69,17.74,0.3799528807025059
2002,2327,國巨,21.93,8.3,0.37847697218422255
2008,2327,國巨,10.86,4.08,0.37569060773480667
2008,2458,義隆,59.51,22.2,0.37304654679885735
2008,8299,群聯,126.93,47.23,0.3720948554321279
2008,3062,建漢,59.25,22.0,0.37130801687763715
2008,2332,友訊,51.57,19.01,0.36862516967229014
2008,8069,元太,38.64,14.15,0.3662008281573499
2008,2204,中華,23.58,8.57,0.3634435962680238
2000,2331,精英,28.23,10.02,0.3549415515409139
2002,2475,華映,26.35,9.33,0.3540796963946869
2000,2345,智邦,42.95,15.19,0.3536670547147846
2008,2328,廣宇,63.14,22.0,0.34843205574912894
2008,6116,彩晶,12.34,4.28,0.346839546191248
2000,1409,新纖,8.31,2.88,0.34657039711191334
2008,2344,華邦電,8.99,3.09,0.3437152391546162
2000,2534,宏盛,12.62,4.33,0.34310618066561016
2008,8046,南電,179.04,61.26,0.3421581769436997
2008,5347,世界,20.74,7.03,0.3389585342333655
2008,2354,鴻準,199.6,67.14,0.33637274549098195
2002,2388,威盛,232.56,77.87,0.33483832129342966
2008,2474,可成,146.37,48.91,0.33415317346450774
2000,2360,致茂,25.97,8.64,0.3326915671929149
2008,3189,景碩,87.24,28.82,0.33035304906006424
2008,2408,南科,51.38,16.96,0.33008952899961075
2000,2371,大同,35.92,11.8,0.3285077951002227
2000,2328,廣宇,20.98,6.7,0.31935176358436607
2008,2401,凌陽,41.37,13.15,0.3178631858834905
2000,5347,世界,49.03,15.49,0.315929023047114
2008,2475,華映,10.59,3.34,0.3153918791312559
2008,5522,遠雄,66.61,20.9,0.31376670169644194
2000,1304,台聚,12.72,3.99,0.3136792452830189
2008,3474,華亞科,25.22,7.91,0.31363996827914353
2000,2614,東森,9.52,2.92,0.3067226890756303
2000,2352,佳世達,66.38,20.29,0.30566435673395603
2008,3044,健鼎,98.62,29.99,0.3040965321435814
2008,2379,瑞昱,100.95,30.58,0.30292223873204555
2000,2347,聯強,39.37,11.81,0.29997459994919995
2008,3514,昱晶,168.28,50.43,0.29967910625148564
2008,8076,伍豐,198.22,58.74,0.2963374028856826
2008,3034,聯詠,94.22,27.75,0.2945234557418807
2002,2342,茂矽,106.88,31.3,0.29285179640718567
2000,2353,宏碁,51.35,14.48,0.2819863680623174
2008,5483,中美晶,178.6,50.3,0.28163493840985443
2000,2312,金寶,23.97,6.62,0.2761785565289946
2000,2323,中環,52.91,14.57,0.2753732753732754
2000,1313,聯成,12.1,3.3,0.2727272727272727
2000,2485,兆赫,52.79,14.31,0.27107406705815495
2008,2342,茂矽,47.45,12.85,0.27081138040042146
2000,2354,鴻準,28.41,7.57,0.26645547342485043
2008,3009,D 奇美電,40.59,10.8,0.2660753880266075
2000,2311,日月光,36.35,9.49,0.2610729023383769
2008,3037,欣興,49.84,13.0,0.2608346709470305
2008,8078,華寶,65.95,17.11,0.25943896891584534
2008,3481,奇美電,92.52,23.43,0.253242542153048
2008,6182,合晶,156.69,39.06,0.2492820218265365
2008,2448,晶電,128.93,28.96,0.2246180097727449
2000,2913,農林,56.06,11.66,0.20799143774527293
2008,2352,佳世達,32.8,6.5,0.19817073170731708
2008,2384,勝華,43.5,6.42,0.14758620689655172
